---- Протокол ------ 2025-12-22 15:03:49-------------
----Параметры----
-log: in.txt.log
-out: in.txt.asm
-in: in.txt
---- Исходные данные 
Количество символов: 1470
Проигнорировано: 150
Количество строк: 92
Шаг : Правило             Входная лента                 Стек               
0   : S->tfi(F){N}S       tfi(ti,ti){rivi;}tfi(ti,t     S$                  
0   : SAVESTATE:          1
0   :                     tfi(ti,ti){rivi;}tfi(ti,t     tfi(F){N}S$         
1   :                     fi(ti,ti){rivi;}tfi(ti,ti     fi(F){N}S$          
2   :                     i(ti,ti){rivi;}tfi(ti,ti)     i(F){N}S$           
3   :                     (ti,ti){rivi;}tfi(ti,ti){     (F){N}S$            
4   :                     ti,ti){rivi;}tfi(ti,ti){r     F){N}S$             
5   : F->ti,F             ti,ti){rivi;}tfi(ti,ti){r     F){N}S$             
5   : SAVESTATE:          2
5   :                     ti,ti){rivi;}tfi(ti,ti){r     ti,F){N}S$          
6   :                     i,ti){rivi;}tfi(ti,ti){ri     i,F){N}S$           
7   :                     ,ti){rivi;}tfi(ti,ti){riv     ,F){N}S$            
8   :                     ti){rivi;}tfi(ti,ti){rivi     F){N}S$             
9   : F->ti,F             ti){rivi;}tfi(ti,ti){rivi     F){N}S$             
9   : SAVESTATE:          3
9   :                     ti){rivi;}tfi(ti,ti){rivi     ti,F){N}S$          
10  :                     i){rivi;}tfi(ti,ti){riviv     i,F){N}S$           
11  :                     ){rivi;}tfi(ti,ti){rivivl     ,F){N}S$            
12  : TS_NOK / NS_NORULECHAIN
12  : RESSTATE            
12  :                     ti){rivi;}tfi(ti,ti){rivi     F){N}S$             
13  : F->ti               ti){rivi;}tfi(ti,ti){rivi     F){N}S$             
13  : SAVESTATE:          3
13  :                     ti){rivi;}tfi(ti,ti){rivi     ti){N}S$            
14  :                     i){rivi;}tfi(ti,ti){riviv     i){N}S$             
15  :                     ){rivi;}tfi(ti,ti){rivivl     ){N}S$              
16  :                     {rivi;}tfi(ti,ti){rivivl;     {N}S$               
17  :                     rivi;}tfi(ti,ti){rivivl;}     N}S$                
18  : N->rE;N             rivi;}tfi(ti,ti){rivivl;}     N}S$                
18  : SAVESTATE:          4
18  :                     rivi;}tfi(ti,ti){rivivl;}     rE;N}S$             
19  :                     ivi;}tfi(ti,ti){rivivl;}m     E;N}S$              
20  : E->i(W)M            ivi;}tfi(ti,ti){rivivl;}m     E;N}S$              
20  : SAVESTATE:          5
20  :                     ivi;}tfi(ti,ti){rivivl;}m     i(W)M;N}S$          
21  :                     vi;}tfi(ti,ti){rivivl;}m{     (W)M;N}S$           
22  : TS_NOK / NS_NORULECHAIN
22  : RESSTATE            
22  :                     ivi;}tfi(ti,ti){rivivl;}m     E;N}S$              
23  : E->i(W)             ivi;}tfi(ti,ti){rivivl;}m     E;N}S$              
23  : SAVESTATE:          5
23  :                     ivi;}tfi(ti,ti){rivivl;}m     i(W);N}S$           
24  :                     vi;}tfi(ti,ti){rivivl;}m{     (W);N}S$            
25  : TS_NOK / NS_NORULECHAIN
25  : RESSTATE            
25  :                     ivi;}tfi(ti,ti){rivivl;}m     E;N}S$              
26  : E->iM               ivi;}tfi(ti,ti){rivivl;}m     E;N}S$              
26  : SAVESTATE:          5
26  :                     ivi;}tfi(ti,ti){rivivl;}m     iM;N}S$             
27  :                     vi;}tfi(ti,ti){rivivl;}m{     M;N}S$              
28  : M->vEM              vi;}tfi(ti,ti){rivivl;}m{     M;N}S$              
28  : SAVESTATE:          6
28  :                     vi;}tfi(ti,ti){rivivl;}m{     vEM;N}S$            
29  :                     i;}tfi(ti,ti){rivivl;}m{p     EM;N}S$             
30  : E->i(W)M            i;}tfi(ti,ti){rivivl;}m{p     EM;N}S$             
30  : SAVESTATE:          7
30  :                     i;}tfi(ti,ti){rivivl;}m{p     i(W)MM;N}S$         
31  :                     ;}tfi(ti,ti){rivivl;}m{p(     (W)MM;N}S$          
32  : TS_NOK / NS_NORULECHAIN
32  : RESSTATE            
32  :                     i;}tfi(ti,ti){rivivl;}m{p     EM;N}S$             
33  : E->i(W)             i;}tfi(ti,ti){rivivl;}m{p     EM;N}S$             
33  : SAVESTATE:          7
33  :                     i;}tfi(ti,ti){rivivl;}m{p     i(W)M;N}S$          
34  :                     ;}tfi(ti,ti){rivivl;}m{p(     (W)M;N}S$           
35  : TS_NOK / NS_NORULECHAIN
35  : RESSTATE            
35  :                     i;}tfi(ti,ti){rivivl;}m{p     EM;N}S$             
36  : E->iM               i;}tfi(ti,ti){rivivl;}m{p     EM;N}S$             
36  : SAVESTATE:          7
36  :                     i;}tfi(ti,ti){rivivl;}m{p     iMM;N}S$            
37  :                     ;}tfi(ti,ti){rivivl;}m{p(     MM;N}S$             
38  : TNS_NORULECHAIN/NS_NORULE
38  : RESSTATE            
38  :                     i;}tfi(ti,ti){rivivl;}m{p     EM;N}S$             
39  : E->i                i;}tfi(ti,ti){rivivl;}m{p     EM;N}S$             
39  : SAVESTATE:          7
39  :                     i;}tfi(ti,ti){rivivl;}m{p     iM;N}S$             
40  :                     ;}tfi(ti,ti){rivivl;}m{p(     M;N}S$              
41  : TNS_NORULECHAIN/NS_NORULE
41  : RESSTATE            
41  :                     i;}tfi(ti,ti){rivivl;}m{p     EM;N}S$             
42  : TNS_NORULECHAIN/NS_NORULE
42  : RESSTATE            
42  :                     vi;}tfi(ti,ti){rivivl;}m{     M;N}S$              
43  : M->vE               vi;}tfi(ti,ti){rivivl;}m{     M;N}S$              
43  : SAVESTATE:          6
43  :                     vi;}tfi(ti,ti){rivivl;}m{     vE;N}S$             
44  :                     i;}tfi(ti,ti){rivivl;}m{p     E;N}S$              
45  : E->i(W)M            i;}tfi(ti,ti){rivivl;}m{p     E;N}S$              
45  : SAVESTATE:          7
45  :                     i;}tfi(ti,ti){rivivl;}m{p     i(W)M;N}S$          
46  :                     ;}tfi(ti,ti){rivivl;}m{p(     (W)M;N}S$           
47  : TS_NOK / NS_NORULECHAIN
47  : RESSTATE            
47  :                     i;}tfi(ti,ti){rivivl;}m{p     E;N}S$              
48  : E->i(W)             i;}tfi(ti,ti){rivivl;}m{p     E;N}S$              
48  : SAVESTATE:          7
48  :                     i;}tfi(ti,ti){rivivl;}m{p     i(W);N}S$           
49  :                     ;}tfi(ti,ti){rivivl;}m{p(     (W);N}S$            
50  : TS_NOK / NS_NORULECHAIN
50  : RESSTATE            
50  :                     i;}tfi(ti,ti){rivivl;}m{p     E;N}S$              
51  : E->iM               i;}tfi(ti,ti){rivivl;}m{p     E;N}S$              
51  : SAVESTATE:          7
51  :                     i;}tfi(ti,ti){rivivl;}m{p     iM;N}S$             
52  :                     ;}tfi(ti,ti){rivivl;}m{p(     M;N}S$              
53  : TNS_NORULECHAIN/NS_NORULE
53  : RESSTATE            
53  :                     i;}tfi(ti,ti){rivivl;}m{p     E;N}S$              
54  : E->i                i;}tfi(ti,ti){rivivl;}m{p     E;N}S$              
54  : SAVESTATE:          7
54  :                     i;}tfi(ti,ti){rivivl;}m{p     i;N}S$              
55  :                     ;}tfi(ti,ti){rivivl;}m{p(     ;N}S$               
56  :                     }tfi(ti,ti){rivivl;}m{p(l     N}S$                
57  : TNS_NORULECHAIN/NS_NORULE
57  : RESSTATE            
57  :                     i;}tfi(ti,ti){rivivl;}m{p     E;N}S$              
58  : TNS_NORULECHAIN/NS_NORULE
58  : RESSTATE            
58  :                     vi;}tfi(ti,ti){rivivl;}m{     M;N}S$              
59  : TNS_NORULECHAIN/NS_NORULE
59  : RESSTATE            
59  :                     ivi;}tfi(ti,ti){rivivl;}m     E;N}S$              
60  : E->i                ivi;}tfi(ti,ti){rivivl;}m     E;N}S$              
60  : SAVESTATE:          5
60  :                     ivi;}tfi(ti,ti){rivivl;}m     i;N}S$              
61  :                     vi;}tfi(ti,ti){rivivl;}m{     ;N}S$               
62  : TS_NOK / NS_NORULECHAIN
62  : RESSTATE            
62  :                     ivi;}tfi(ti,ti){rivivl;}m     E;N}S$              
63  : TNS_NORULECHAIN/NS_NORULE
63  : RESSTATE            
63  :                     rivi;}tfi(ti,ti){rivivl;}     N}S$                
64  : N->rE;              rivi;}tfi(ti,ti){rivivl;}     N}S$                
64  : SAVESTATE:          4
64  :                     rivi;}tfi(ti,ti){rivivl;}     rE;}S$              
65  :                     ivi;}tfi(ti,ti){rivivl;}m     E;}S$               
66  : E->i(W)M            ivi;}tfi(ti,ti){rivivl;}m     E;}S$               
66  : SAVESTATE:          5
66  :                     ivi;}tfi(ti,ti){rivivl;}m     i(W)M;}S$           
67  :                     vi;}tfi(ti,ti){rivivl;}m{     (W)M;}S$            
68  : TS_NOK / NS_NORULECHAIN
68  : RESSTATE            
68  :                     ivi;}tfi(ti,ti){rivivl;}m     E;}S$               
69  : E->i(W)             ivi;}tfi(ti,ti){rivivl;}m     E;}S$               
69  : SAVESTATE:          5
69  :                     ivi;}tfi(ti,ti){rivivl;}m     i(W);}S$            
70  :                     vi;}tfi(ti,ti){rivivl;}m{     (W);}S$             
71  : TS_NOK / NS_NORULECHAIN
71  : RESSTATE            
71  :                     ivi;}tfi(ti,ti){rivivl;}m     E;}S$               
72  : E->iM               ivi;}tfi(ti,ti){rivivl;}m     E;}S$               
72  : SAVESTATE:          5
72  :                     ivi;}tfi(ti,ti){rivivl;}m     iM;}S$              
73  :                     vi;}tfi(ti,ti){rivivl;}m{     M;}S$               
74  : M->vEM              vi;}tfi(ti,ti){rivivl;}m{     M;}S$               
74  : SAVESTATE:          6
74  :                     vi;}tfi(ti,ti){rivivl;}m{     vEM;}S$             
75  :                     i;}tfi(ti,ti){rivivl;}m{p     EM;}S$              
76  : E->i(W)M            i;}tfi(ti,ti){rivivl;}m{p     EM;}S$              
76  : SAVESTATE:          7
76  :                     i;}tfi(ti,ti){rivivl;}m{p     i(W)MM;}S$          
77  :                     ;}tfi(ti,ti){rivivl;}m{p(     (W)MM;}S$           
78  : TS_NOK / NS_NORULECHAIN
78  : RESSTATE            
78  :                     i;}tfi(ti,ti){rivivl;}m{p     EM;}S$              
79  : E->i(W)             i;}tfi(ti,ti){rivivl;}m{p     EM;}S$              
79  : SAVESTATE:          7
79  :                     i;}tfi(ti,ti){rivivl;}m{p     i(W)M;}S$           
80  :                     ;}tfi(ti,ti){rivivl;}m{p(     (W)M;}S$            
81  : TS_NOK / NS_NORULECHAIN
81  : RESSTATE            
81  :                     i;}tfi(ti,ti){rivivl;}m{p     EM;}S$              
82  : E->iM               i;}tfi(ti,ti){rivivl;}m{p     EM;}S$              
82  : SAVESTATE:          7
82  :                     i;}tfi(ti,ti){rivivl;}m{p     iMM;}S$             
83  :                     ;}tfi(ti,ti){rivivl;}m{p(     MM;}S$              
84  : TNS_NORULECHAIN/NS_NORULE
84  : RESSTATE            
84  :                     i;}tfi(ti,ti){rivivl;}m{p     EM;}S$              
85  : E->i                i;}tfi(ti,ti){rivivl;}m{p     EM;}S$              
85  : SAVESTATE:          7
85  :                     i;}tfi(ti,ti){rivivl;}m{p     iM;}S$              
86  :                     ;}tfi(ti,ti){rivivl;}m{p(     M;}S$               
87  : TNS_NORULECHAIN/NS_NORULE
87  : RESSTATE            
87  :                     i;}tfi(ti,ti){rivivl;}m{p     EM;}S$              
88  : TNS_NORULECHAIN/NS_NORULE
88  : RESSTATE            
88  :                     vi;}tfi(ti,ti){rivivl;}m{     M;}S$               
89  : M->vE               vi;}tfi(ti,ti){rivivl;}m{     M;}S$               
89  : SAVESTATE:          6
89  :                     vi;}tfi(ti,ti){rivivl;}m{     vE;}S$              
90  :                     i;}tfi(ti,ti){rivivl;}m{p     E;}S$               
91  : E->i(W)M            i;}tfi(ti,ti){rivivl;}m{p     E;}S$               
91  : SAVESTATE:          7
91  :                     i;}tfi(ti,ti){rivivl;}m{p     i(W)M;}S$           
92  :                     ;}tfi(ti,ti){rivivl;}m{p(     (W)M;}S$            
93  : TS_NOK / NS_NORULECHAIN
93  : RESSTATE            
93  :                     i;}tfi(ti,ti){rivivl;}m{p     E;}S$               
94  : E->i(W)             i;}tfi(ti,ti){rivivl;}m{p     E;}S$               
94  : SAVESTATE:          7
94  :                     i;}tfi(ti,ti){rivivl;}m{p     i(W);}S$            
95  :                     ;}tfi(ti,ti){rivivl;}m{p(     (W);}S$             
96  : TS_NOK / NS_NORULECHAIN
96  : RESSTATE            
96  :                     i;}tfi(ti,ti){rivivl;}m{p     E;}S$               
97  : E->iM               i;}tfi(ti,ti){rivivl;}m{p     E;}S$               
97  : SAVESTATE:          7
97  :                     i;}tfi(ti,ti){rivivl;}m{p     iM;}S$              
98  :                     ;}tfi(ti,ti){rivivl;}m{p(     M;}S$               
99  : TNS_NORULECHAIN/NS_NORULE
99  : RESSTATE            
99  :                     i;}tfi(ti,ti){rivivl;}m{p     E;}S$               
100 : E->i                i;}tfi(ti,ti){rivivl;}m{p     E;}S$               
100 : SAVESTATE:          7
100 :                     i;}tfi(ti,ti){rivivl;}m{p     i;}S$               
101 :                     ;}tfi(ti,ti){rivivl;}m{p(     ;}S$                
102 :                     }tfi(ti,ti){rivivl;}m{p(l     }S$                 
103 :                     tfi(ti,ti){rivivl;}m{p(l)     S$                  
104 : S->tfi(F){N}S       tfi(ti,ti){rivivl;}m{p(l)     S$                  
104 : SAVESTATE:          8
104 :                     tfi(ti,ti){rivivl;}m{p(l)     tfi(F){N}S$         
105 :                     fi(ti,ti){rivivl;}m{p(l);     fi(F){N}S$          
106 :                     i(ti,ti){rivivl;}m{p(l);d     i(F){N}S$           
107 :                     (ti,ti){rivivl;}m{p(l);dt     (F){N}S$            
108 :                     ti,ti){rivivl;}m{p(l);dti     F){N}S$             
109 : F->ti,F             ti,ti){rivivl;}m{p(l);dti     F){N}S$             
109 : SAVESTATE:          9
109 :                     ti,ti){rivivl;}m{p(l);dti     ti,F){N}S$          
110 :                     i,ti){rivivl;}m{p(l);dti=     i,F){N}S$           
111 :                     ,ti){rivivl;}m{p(l);dti=i     ,F){N}S$            
112 :                     ti){rivivl;}m{p(l);dti=i(     F){N}S$             
113 : F->ti,F             ti){rivivl;}m{p(l);dti=i(     F){N}S$             
113 : SAVESTATE:          10
113 :                     ti){rivivl;}m{p(l);dti=i(     ti,F){N}S$          
114 :                     i){rivivl;}m{p(l);dti=i(l     i,F){N}S$           
115 :                     ){rivivl;}m{p(l);dti=i(l,     ,F){N}S$            
116 : TS_NOK / NS_NORULECHAIN
116 : RESSTATE            
116 :                     ti){rivivl;}m{p(l);dti=i(     F){N}S$             
117 : F->ti               ti){rivivl;}m{p(l);dti=i(     F){N}S$             
117 : SAVESTATE:          10
117 :                     ti){rivivl;}m{p(l);dti=i(     ti){N}S$            
118 :                     i){rivivl;}m{p(l);dti=i(l     i){N}S$             
119 :                     ){rivivl;}m{p(l);dti=i(l,     ){N}S$              
120 :                     {rivivl;}m{p(l);dti=i(l,l     {N}S$               
121 :                     rivivl;}m{p(l);dti=i(l,l)     N}S$                
122 : N->rE;N             rivivl;}m{p(l);dti=i(l,l)     N}S$                
122 : SAVESTATE:          11
122 :                     rivivl;}m{p(l);dti=i(l,l)     rE;N}S$             
123 :                     ivivl;}m{p(l);dti=i(l,l);     E;N}S$              
124 : E->i(W)M            ivivl;}m{p(l);dti=i(l,l);     E;N}S$              
124 : SAVESTATE:          12
124 :                     ivivl;}m{p(l);dti=i(l,l);     i(W)M;N}S$          
125 :                     vivl;}m{p(l);dti=i(l,l);p     (W)M;N}S$           
126 : TS_NOK / NS_NORULECHAIN
126 : RESSTATE            
126 :                     ivivl;}m{p(l);dti=i(l,l);     E;N}S$              
127 : E->i(W)             ivivl;}m{p(l);dti=i(l,l);     E;N}S$              
127 : SAVESTATE:          12
127 :                     ivivl;}m{p(l);dti=i(l,l);     i(W);N}S$           
128 :                     vivl;}m{p(l);dti=i(l,l);p     (W);N}S$            
129 : TS_NOK / NS_NORULECHAIN
129 : RESSTATE            
129 :                     ivivl;}m{p(l);dti=i(l,l);     E;N}S$              
130 : E->iM               ivivl;}m{p(l);dti=i(l,l);     E;N}S$              
130 : SAVESTATE:          12
130 :                     ivivl;}m{p(l);dti=i(l,l);     iM;N}S$             
131 :                     vivl;}m{p(l);dti=i(l,l);p     M;N}S$              
132 : M->vEM              vivl;}m{p(l);dti=i(l,l);p     M;N}S$              
132 : SAVESTATE:          13
132 :                     vivl;}m{p(l);dti=i(l,l);p     vEM;N}S$            
133 :                     ivl;}m{p(l);dti=i(l,l);p(     EM;N}S$             
134 : E->i(W)M            ivl;}m{p(l);dti=i(l,l);p(     EM;N}S$             
134 : SAVESTATE:          14
134 :                     ivl;}m{p(l);dti=i(l,l);p(     i(W)MM;N}S$         
135 :                     vl;}m{p(l);dti=i(l,l);p(i     (W)MM;N}S$          
136 : TS_NOK / NS_NORULECHAIN
136 : RESSTATE            
136 :                     ivl;}m{p(l);dti=i(l,l);p(     EM;N}S$             
137 : E->i(W)             ivl;}m{p(l);dti=i(l,l);p(     EM;N}S$             
137 : SAVESTATE:          14
137 :                     ivl;}m{p(l);dti=i(l,l);p(     i(W)M;N}S$          
138 :                     vl;}m{p(l);dti=i(l,l);p(i     (W)M;N}S$           
139 : TS_NOK / NS_NORULECHAIN
139 : RESSTATE            
139 :                     ivl;}m{p(l);dti=i(l,l);p(     EM;N}S$             
140 : E->iM               ivl;}m{p(l);dti=i(l,l);p(     EM;N}S$             
140 : SAVESTATE:          14
140 :                     ivl;}m{p(l);dti=i(l,l);p(     iMM;N}S$            
141 :                     vl;}m{p(l);dti=i(l,l);p(i     MM;N}S$             
142 : M->vEM              vl;}m{p(l);dti=i(l,l);p(i     MM;N}S$             
142 : SAVESTATE:          15
142 :                     vl;}m{p(l);dti=i(l,l);p(i     vEMM;N}S$           
143 :                     l;}m{p(l);dti=i(l,l);p(i)     EMM;N}S$            
144 : E->lM               l;}m{p(l);dti=i(l,l);p(i)     EMM;N}S$            
144 : SAVESTATE:          16
144 :                     l;}m{p(l);dti=i(l,l);p(i)     lMMM;N}S$           
145 :                     ;}m{p(l);dti=i(l,l);p(i);     MMM;N}S$            
146 : TNS_NORULECHAIN/NS_NORULE
146 : RESSTATE            
146 :                     l;}m{p(l);dti=i(l,l);p(i)     EMM;N}S$            
147 : E->l                l;}m{p(l);dti=i(l,l);p(i)     EMM;N}S$            
147 : SAVESTATE:          16
147 :                     l;}m{p(l);dti=i(l,l);p(i)     lMM;N}S$            
148 :                     ;}m{p(l);dti=i(l,l);p(i);     MM;N}S$             
149 : TNS_NORULECHAIN/NS_NORULE
149 : RESSTATE            
149 :                     l;}m{p(l);dti=i(l,l);p(i)     EMM;N}S$            
150 : TNS_NORULECHAIN/NS_NORULE
150 : RESSTATE            
150 :                     vl;}m{p(l);dti=i(l,l);p(i     MM;N}S$             
151 : M->vE               vl;}m{p(l);dti=i(l,l);p(i     MM;N}S$             
151 : SAVESTATE:          15
151 :                     vl;}m{p(l);dti=i(l,l);p(i     vEM;N}S$            
152 :                     l;}m{p(l);dti=i(l,l);p(i)     EM;N}S$             
153 : E->lM               l;}m{p(l);dti=i(l,l);p(i)     EM;N}S$             
153 : SAVESTATE:          16
153 :                     l;}m{p(l);dti=i(l,l);p(i)     lMM;N}S$            
154 :                     ;}m{p(l);dti=i(l,l);p(i);     MM;N}S$             
155 : TNS_NORULECHAIN/NS_NORULE
155 : RESSTATE            
155 :                     l;}m{p(l);dti=i(l,l);p(i)     EM;N}S$             
156 : E->l                l;}m{p(l);dti=i(l,l);p(i)     EM;N}S$             
156 : SAVESTATE:          16
156 :                     l;}m{p(l);dti=i(l,l);p(i)     lM;N}S$             
157 :                     ;}m{p(l);dti=i(l,l);p(i);     M;N}S$              
158 : TNS_NORULECHAIN/NS_NORULE
158 : RESSTATE            
158 :                     l;}m{p(l);dti=i(l,l);p(i)     EM;N}S$             
159 : TNS_NORULECHAIN/NS_NORULE
159 : RESSTATE            
159 :                     vl;}m{p(l);dti=i(l,l);p(i     MM;N}S$             
160 : TNS_NORULECHAIN/NS_NORULE
160 : RESSTATE            
160 :                     ivl;}m{p(l);dti=i(l,l);p(     EM;N}S$             
161 : E->i                ivl;}m{p(l);dti=i(l,l);p(     EM;N}S$             
161 : SAVESTATE:          14
161 :                     ivl;}m{p(l);dti=i(l,l);p(     iM;N}S$             
162 :                     vl;}m{p(l);dti=i(l,l);p(i     M;N}S$              
163 : M->vEM              vl;}m{p(l);dti=i(l,l);p(i     M;N}S$              
163 : SAVESTATE:          15
163 :                     vl;}m{p(l);dti=i(l,l);p(i     vEM;N}S$            
164 :                     l;}m{p(l);dti=i(l,l);p(i)     EM;N}S$             
165 : E->lM               l;}m{p(l);dti=i(l,l);p(i)     EM;N}S$             
165 : SAVESTATE:          16
165 :                     l;}m{p(l);dti=i(l,l);p(i)     lMM;N}S$            
166 :                     ;}m{p(l);dti=i(l,l);p(i);     MM;N}S$             
167 : TNS_NORULECHAIN/NS_NORULE
167 : RESSTATE            
167 :                     l;}m{p(l);dti=i(l,l);p(i)     EM;N}S$             
168 : E->l                l;}m{p(l);dti=i(l,l);p(i)     EM;N}S$             
168 : SAVESTATE:          16
168 :                     l;}m{p(l);dti=i(l,l);p(i)     lM;N}S$             
169 :                     ;}m{p(l);dti=i(l,l);p(i);     M;N}S$              
170 : TNS_NORULECHAIN/NS_NORULE
170 : RESSTATE            
170 :                     l;}m{p(l);dti=i(l,l);p(i)     EM;N}S$             
171 : TNS_NORULECHAIN/NS_NORULE
171 : RESSTATE            
171 :                     vl;}m{p(l);dti=i(l,l);p(i     M;N}S$              
172 : M->vE               vl;}m{p(l);dti=i(l,l);p(i     M;N}S$              
172 : SAVESTATE:          15
172 :                     vl;}m{p(l);dti=i(l,l);p(i     vE;N}S$             
173 :                     l;}m{p(l);dti=i(l,l);p(i)     E;N}S$              
174 : E->lM               l;}m{p(l);dti=i(l,l);p(i)     E;N}S$              
174 : SAVESTATE:          16
174 :                     l;}m{p(l);dti=i(l,l);p(i)     lM;N}S$             
175 :                     ;}m{p(l);dti=i(l,l);p(i);     M;N}S$              
176 : TNS_NORULECHAIN/NS_NORULE
176 : RESSTATE            
176 :                     l;}m{p(l);dti=i(l,l);p(i)     E;N}S$              
177 : E->l                l;}m{p(l);dti=i(l,l);p(i)     E;N}S$              
177 : SAVESTATE:          16
177 :                     l;}m{p(l);dti=i(l,l);p(i)     l;N}S$              
178 :                     ;}m{p(l);dti=i(l,l);p(i);     ;N}S$               
179 :                     }m{p(l);dti=i(l,l);p(i);p     N}S$                
180 : TNS_NORULECHAIN/NS_NORULE
180 : RESSTATE            
180 :                     l;}m{p(l);dti=i(l,l);p(i)     E;N}S$              
181 : TNS_NORULECHAIN/NS_NORULE
181 : RESSTATE            
181 :                     vl;}m{p(l);dti=i(l,l);p(i     M;N}S$              
182 : TNS_NORULECHAIN/NS_NORULE
182 : RESSTATE            
182 :                     ivl;}m{p(l);dti=i(l,l);p(     EM;N}S$             
183 : TNS_NORULECHAIN/NS_NORULE
183 : RESSTATE            
183 :                     vivl;}m{p(l);dti=i(l,l);p     M;N}S$              
184 : M->vE               vivl;}m{p(l);dti=i(l,l);p     M;N}S$              
184 : SAVESTATE:          13
184 :                     vivl;}m{p(l);dti=i(l,l);p     vE;N}S$             
185 :                     ivl;}m{p(l);dti=i(l,l);p(     E;N}S$              
186 : E->i(W)M            ivl;}m{p(l);dti=i(l,l);p(     E;N}S$              
186 : SAVESTATE:          14
186 :                     ivl;}m{p(l);dti=i(l,l);p(     i(W)M;N}S$          
187 :                     vl;}m{p(l);dti=i(l,l);p(i     (W)M;N}S$           
188 : TS_NOK / NS_NORULECHAIN
188 : RESSTATE            
188 :                     ivl;}m{p(l);dti=i(l,l);p(     E;N}S$              
189 : E->i(W)             ivl;}m{p(l);dti=i(l,l);p(     E;N}S$              
189 : SAVESTATE:          14
189 :                     ivl;}m{p(l);dti=i(l,l);p(     i(W);N}S$           
190 :                     vl;}m{p(l);dti=i(l,l);p(i     (W);N}S$            
191 : TS_NOK / NS_NORULECHAIN
191 : RESSTATE            
191 :                     ivl;}m{p(l);dti=i(l,l);p(     E;N}S$              
192 : E->iM               ivl;}m{p(l);dti=i(l,l);p(     E;N}S$              
192 : SAVESTATE:          14
192 :                     ivl;}m{p(l);dti=i(l,l);p(     iM;N}S$             
193 :                     vl;}m{p(l);dti=i(l,l);p(i     M;N}S$              
194 : M->vEM              vl;}m{p(l);dti=i(l,l);p(i     M;N}S$              
194 : SAVESTATE:          15
194 :                     vl;}m{p(l);dti=i(l,l);p(i     vEM;N}S$            
195 :                     l;}m{p(l);dti=i(l,l);p(i)     EM;N}S$             
196 : E->lM               l;}m{p(l);dti=i(l,l);p(i)     EM;N}S$             
196 : SAVESTATE:          16
196 :                     l;}m{p(l);dti=i(l,l);p(i)     lMM;N}S$            
197 :                     ;}m{p(l);dti=i(l,l);p(i);     MM;N}S$             
198 : TNS_NORULECHAIN/NS_NORULE
198 : RESSTATE            
198 :                     l;}m{p(l);dti=i(l,l);p(i)     EM;N}S$             
199 : E->l                l;}m{p(l);dti=i(l,l);p(i)     EM;N}S$             
199 : SAVESTATE:          16
199 :                     l;}m{p(l);dti=i(l,l);p(i)     lM;N}S$             
200 :                     ;}m{p(l);dti=i(l,l);p(i);     M;N}S$              
201 : TNS_NORULECHAIN/NS_NORULE
201 : RESSTATE            
201 :                     l;}m{p(l);dti=i(l,l);p(i)     EM;N}S$             
202 : TNS_NORULECHAIN/NS_NORULE
202 : RESSTATE            
202 :                     vl;}m{p(l);dti=i(l,l);p(i     M;N}S$              
203 : M->vE               vl;}m{p(l);dti=i(l,l);p(i     M;N}S$              
203 : SAVESTATE:          15
203 :                     vl;}m{p(l);dti=i(l,l);p(i     vE;N}S$             
204 :                     l;}m{p(l);dti=i(l,l);p(i)     E;N}S$              
205 : E->lM               l;}m{p(l);dti=i(l,l);p(i)     E;N}S$              
205 : SAVESTATE:          16
205 :                     l;}m{p(l);dti=i(l,l);p(i)     lM;N}S$             
206 :                     ;}m{p(l);dti=i(l,l);p(i);     M;N}S$              
207 : TNS_NORULECHAIN/NS_NORULE
207 : RESSTATE            
207 :                     l;}m{p(l);dti=i(l,l);p(i)     E;N}S$              
208 : E->l                l;}m{p(l);dti=i(l,l);p(i)     E;N}S$              
208 : SAVESTATE:          16
208 :                     l;}m{p(l);dti=i(l,l);p(i)     l;N}S$              
209 :                     ;}m{p(l);dti=i(l,l);p(i);     ;N}S$               
210 :                     }m{p(l);dti=i(l,l);p(i);p     N}S$                
211 : TNS_NORULECHAIN/NS_NORULE
211 : RESSTATE            
211 :                     l;}m{p(l);dti=i(l,l);p(i)     E;N}S$              
212 : TNS_NORULECHAIN/NS_NORULE
212 : RESSTATE            
212 :                     vl;}m{p(l);dti=i(l,l);p(i     M;N}S$              
213 : TNS_NORULECHAIN/NS_NORULE
213 : RESSTATE            
213 :                     ivl;}m{p(l);dti=i(l,l);p(     E;N}S$              
214 : E->i                ivl;}m{p(l);dti=i(l,l);p(     E;N}S$              
214 : SAVESTATE:          14
214 :                     ivl;}m{p(l);dti=i(l,l);p(     i;N}S$              
215 :                     vl;}m{p(l);dti=i(l,l);p(i     ;N}S$               
216 : TS_NOK / NS_NORULECHAIN
216 : RESSTATE            
216 :                     ivl;}m{p(l);dti=i(l,l);p(     E;N}S$              
217 : TNS_NORULECHAIN/NS_NORULE
217 : RESSTATE            
217 :                     vivl;}m{p(l);dti=i(l,l);p     M;N}S$              
218 : TNS_NORULECHAIN/NS_NORULE
218 : RESSTATE            
218 :                     ivivl;}m{p(l);dti=i(l,l);     E;N}S$              
219 : E->i                ivivl;}m{p(l);dti=i(l,l);     E;N}S$              
219 : SAVESTATE:          12
219 :                     ivivl;}m{p(l);dti=i(l,l);     i;N}S$              
220 :                     vivl;}m{p(l);dti=i(l,l);p     ;N}S$               
221 : TS_NOK / NS_NORULECHAIN
221 : RESSTATE            
221 :                     ivivl;}m{p(l);dti=i(l,l);     E;N}S$              
222 : TNS_NORULECHAIN/NS_NORULE
222 : RESSTATE            
222 :                     rivivl;}m{p(l);dti=i(l,l)     N}S$                
223 : N->rE;              rivivl;}m{p(l);dti=i(l,l)     N}S$                
223 : SAVESTATE:          11
223 :                     rivivl;}m{p(l);dti=i(l,l)     rE;}S$              
224 :                     ivivl;}m{p(l);dti=i(l,l);     E;}S$               
225 : E->i(W)M            ivivl;}m{p(l);dti=i(l,l);     E;}S$               
225 : SAVESTATE:          12
225 :                     ivivl;}m{p(l);dti=i(l,l);     i(W)M;}S$           
226 :                     vivl;}m{p(l);dti=i(l,l);p     (W)M;}S$            
227 : TS_NOK / NS_NORULECHAIN
227 : RESSTATE            
227 :                     ivivl;}m{p(l);dti=i(l,l);     E;}S$               
228 : E->i(W)             ivivl;}m{p(l);dti=i(l,l);     E;}S$               
228 : SAVESTATE:          12
228 :                     ivivl;}m{p(l);dti=i(l,l);     i(W);}S$            
229 :                     vivl;}m{p(l);dti=i(l,l);p     (W);}S$             
230 : TS_NOK / NS_NORULECHAIN
230 : RESSTATE            
230 :                     ivivl;}m{p(l);dti=i(l,l);     E;}S$               
231 : E->iM               ivivl;}m{p(l);dti=i(l,l);     E;}S$               
231 : SAVESTATE:          12
231 :                     ivivl;}m{p(l);dti=i(l,l);     iM;}S$              
232 :                     vivl;}m{p(l);dti=i(l,l);p     M;}S$               
233 : M->vEM              vivl;}m{p(l);dti=i(l,l);p     M;}S$               
233 : SAVESTATE:          13
233 :                     vivl;}m{p(l);dti=i(l,l);p     vEM;}S$             
234 :                     ivl;}m{p(l);dti=i(l,l);p(     EM;}S$              
235 : E->i(W)M            ivl;}m{p(l);dti=i(l,l);p(     EM;}S$              
235 : SAVESTATE:          14
235 :                     ivl;}m{p(l);dti=i(l,l);p(     i(W)MM;}S$          
236 :                     vl;}m{p(l);dti=i(l,l);p(i     (W)MM;}S$           
237 : TS_NOK / NS_NORULECHAIN
237 : RESSTATE            
237 :                     ivl;}m{p(l);dti=i(l,l);p(     EM;}S$              
238 : E->i(W)             ivl;}m{p(l);dti=i(l,l);p(     EM;}S$              
238 : SAVESTATE:          14
238 :                     ivl;}m{p(l);dti=i(l,l);p(     i(W)M;}S$           
239 :                     vl;}m{p(l);dti=i(l,l);p(i     (W)M;}S$            
240 : TS_NOK / NS_NORULECHAIN
240 : RESSTATE            
240 :                     ivl;}m{p(l);dti=i(l,l);p(     EM;}S$              
241 : E->iM               ivl;}m{p(l);dti=i(l,l);p(     EM;}S$              
241 : SAVESTATE:          14
241 :                     ivl;}m{p(l);dti=i(l,l);p(     iMM;}S$             
242 :                     vl;}m{p(l);dti=i(l,l);p(i     MM;}S$              
243 : M->vEM              vl;}m{p(l);dti=i(l,l);p(i     MM;}S$              
243 : SAVESTATE:          15
243 :                     vl;}m{p(l);dti=i(l,l);p(i     vEMM;}S$            
244 :                     l;}m{p(l);dti=i(l,l);p(i)     EMM;}S$             
245 : E->lM               l;}m{p(l);dti=i(l,l);p(i)     EMM;}S$             
245 : SAVESTATE:          16
245 :                     l;}m{p(l);dti=i(l,l);p(i)     lMMM;}S$            
246 :                     ;}m{p(l);dti=i(l,l);p(i);     MMM;}S$             
247 : TNS_NORULECHAIN/NS_NORULE
247 : RESSTATE            
247 :                     l;}m{p(l);dti=i(l,l);p(i)     EMM;}S$             
248 : E->l                l;}m{p(l);dti=i(l,l);p(i)     EMM;}S$             
248 : SAVESTATE:          16
248 :                     l;}m{p(l);dti=i(l,l);p(i)     lMM;}S$             
249 :                     ;}m{p(l);dti=i(l,l);p(i);     MM;}S$              
250 : TNS_NORULECHAIN/NS_NORULE
250 : RESSTATE            
250 :                     l;}m{p(l);dti=i(l,l);p(i)     EMM;}S$             
251 : TNS_NORULECHAIN/NS_NORULE
251 : RESSTATE            
251 :                     vl;}m{p(l);dti=i(l,l);p(i     MM;}S$              
252 : M->vE               vl;}m{p(l);dti=i(l,l);p(i     MM;}S$              
252 : SAVESTATE:          15
252 :                     vl;}m{p(l);dti=i(l,l);p(i     vEM;}S$             
253 :                     l;}m{p(l);dti=i(l,l);p(i)     EM;}S$              
254 : E->lM               l;}m{p(l);dti=i(l,l);p(i)     EM;}S$              
254 : SAVESTATE:          16
254 :                     l;}m{p(l);dti=i(l,l);p(i)     lMM;}S$             
255 :                     ;}m{p(l);dti=i(l,l);p(i);     MM;}S$              
256 : TNS_NORULECHAIN/NS_NORULE
256 : RESSTATE            
256 :                     l;}m{p(l);dti=i(l,l);p(i)     EM;}S$              
257 : E->l                l;}m{p(l);dti=i(l,l);p(i)     EM;}S$              
257 : SAVESTATE:          16
257 :                     l;}m{p(l);dti=i(l,l);p(i)     lM;}S$              
258 :                     ;}m{p(l);dti=i(l,l);p(i);     M;}S$               
259 : TNS_NORULECHAIN/NS_NORULE
259 : RESSTATE            
259 :                     l;}m{p(l);dti=i(l,l);p(i)     EM;}S$              
260 : TNS_NORULECHAIN/NS_NORULE
260 : RESSTATE            
260 :                     vl;}m{p(l);dti=i(l,l);p(i     MM;}S$              
261 : TNS_NORULECHAIN/NS_NORULE
261 : RESSTATE            
261 :                     ivl;}m{p(l);dti=i(l,l);p(     EM;}S$              
262 : E->i                ivl;}m{p(l);dti=i(l,l);p(     EM;}S$              
262 : SAVESTATE:          14
262 :                     ivl;}m{p(l);dti=i(l,l);p(     iM;}S$              
263 :                     vl;}m{p(l);dti=i(l,l);p(i     M;}S$               
264 : M->vEM              vl;}m{p(l);dti=i(l,l);p(i     M;}S$               
264 : SAVESTATE:          15
264 :                     vl;}m{p(l);dti=i(l,l);p(i     vEM;}S$             
265 :                     l;}m{p(l);dti=i(l,l);p(i)     EM;}S$              
266 : E->lM               l;}m{p(l);dti=i(l,l);p(i)     EM;}S$              
266 : SAVESTATE:          16
266 :                     l;}m{p(l);dti=i(l,l);p(i)     lMM;}S$             
267 :                     ;}m{p(l);dti=i(l,l);p(i);     MM;}S$              
268 : TNS_NORULECHAIN/NS_NORULE
268 : RESSTATE            
268 :                     l;}m{p(l);dti=i(l,l);p(i)     EM;}S$              
269 : E->l                l;}m{p(l);dti=i(l,l);p(i)     EM;}S$              
269 : SAVESTATE:          16
269 :                     l;}m{p(l);dti=i(l,l);p(i)     lM;}S$              
270 :                     ;}m{p(l);dti=i(l,l);p(i);     M;}S$               
271 : TNS_NORULECHAIN/NS_NORULE
271 : RESSTATE            
271 :                     l;}m{p(l);dti=i(l,l);p(i)     EM;}S$              
272 : TNS_NORULECHAIN/NS_NORULE
272 : RESSTATE            
272 :                     vl;}m{p(l);dti=i(l,l);p(i     M;}S$               
273 : M->vE               vl;}m{p(l);dti=i(l,l);p(i     M;}S$               
273 : SAVESTATE:          15
273 :                     vl;}m{p(l);dti=i(l,l);p(i     vE;}S$              
274 :                     l;}m{p(l);dti=i(l,l);p(i)     E;}S$               
275 : E->lM               l;}m{p(l);dti=i(l,l);p(i)     E;}S$               
275 : SAVESTATE:          16
275 :                     l;}m{p(l);dti=i(l,l);p(i)     lM;}S$              
276 :                     ;}m{p(l);dti=i(l,l);p(i);     M;}S$               
277 : TNS_NORULECHAIN/NS_NORULE
277 : RESSTATE            
277 :                     l;}m{p(l);dti=i(l,l);p(i)     E;}S$               
278 : E->l                l;}m{p(l);dti=i(l,l);p(i)     E;}S$               
278 : SAVESTATE:          16
278 :                     l;}m{p(l);dti=i(l,l);p(i)     l;}S$               
279 :                     ;}m{p(l);dti=i(l,l);p(i);     ;}S$                
280 :                     }m{p(l);dti=i(l,l);p(i);p     }S$                 
281 :                     m{p(l);dti=i(l,l);p(i);p(     S$                  
282 : S->m{N};S           m{p(l);dti=i(l,l);p(i);p(     S$                  
282 : SAVESTATE:          17
282 :                     m{p(l);dti=i(l,l);p(i);p(     m{N};S$             
283 :                     {p(l);dti=i(l,l);p(i);p(l     {N};S$              
284 :                     p(l);dti=i(l,l);p(i);p(l)     N};S$               
285 : N->pE;N             p(l);dti=i(l,l);p(i);p(l)     N};S$               
285 : SAVESTATE:          18
285 :                     p(l);dti=i(l,l);p(i);p(l)     pE;N};S$            
286 :                     (l);dti=i(l,l);p(i);p(l);     E;N};S$             
287 : E->(E)M             (l);dti=i(l,l);p(i);p(l);     E;N};S$             
287 : SAVESTATE:          19
287 :                     (l);dti=i(l,l);p(i);p(l);     (E)M;N};S$          
288 :                     l);dti=i(l,l);p(i);p(l);d     E)M;N};S$           
289 : E->lM               l);dti=i(l,l);p(i);p(l);d     E)M;N};S$           
289 : SAVESTATE:          20
289 :                     l);dti=i(l,l);p(i);p(l);d     lM)M;N};S$          
290 :                     );dti=i(l,l);p(i);p(l);dt     M)M;N};S$           
291 : TNS_NORULECHAIN/NS_NORULE
291 : RESSTATE            
291 :                     l);dti=i(l,l);p(i);p(l);d     E)M;N};S$           
292 : E->l                l);dti=i(l,l);p(i);p(l);d     E)M;N};S$           
292 : SAVESTATE:          20
292 :                     l);dti=i(l,l);p(i);p(l);d     l)M;N};S$           
293 :                     );dti=i(l,l);p(i);p(l);dt     )M;N};S$            
294 :                     ;dti=i(l,l);p(i);p(l);dti     M;N};S$             
295 : TNS_NORULECHAIN/NS_NORULE
295 : RESSTATE            
295 :                     l);dti=i(l,l);p(i);p(l);d     E)M;N};S$           
296 : TNS_NORULECHAIN/NS_NORULE
296 : RESSTATE            
296 :                     (l);dti=i(l,l);p(i);p(l);     E;N};S$             
297 : E->(E)              (l);dti=i(l,l);p(i);p(l);     E;N};S$             
297 : SAVESTATE:          19
297 :                     (l);dti=i(l,l);p(i);p(l);     (E);N};S$           
298 :                     l);dti=i(l,l);p(i);p(l);d     E);N};S$            
299 : E->lM               l);dti=i(l,l);p(i);p(l);d     E);N};S$            
299 : SAVESTATE:          20
299 :                     l);dti=i(l,l);p(i);p(l);d     lM);N};S$           
300 :                     );dti=i(l,l);p(i);p(l);dt     M);N};S$            
301 : TNS_NORULECHAIN/NS_NORULE
301 : RESSTATE            
301 :                     l);dti=i(l,l);p(i);p(l);d     E);N};S$            
302 : E->l                l);dti=i(l,l);p(i);p(l);d     E);N};S$            
302 : SAVESTATE:          20
302 :                     l);dti=i(l,l);p(i);p(l);d     l);N};S$            
303 :                     );dti=i(l,l);p(i);p(l);dt     );N};S$             
304 :                     ;dti=i(l,l);p(i);p(l);dti     ;N};S$              
305 :                     dti=i(l,l);p(i);p(l);dti=     N};S$               
306 : N->dti=E;N          dti=i(l,l);p(i);p(l);dti=     N};S$               
306 : SAVESTATE:          21
306 :                     dti=i(l,l);p(i);p(l);dti=     dti=E;N};S$         
307 :                     ti=i(l,l);p(i);p(l);dti=i     ti=E;N};S$          
308 :                     i=i(l,l);p(i);p(l);dti=i(     i=E;N};S$           
309 :                     =i(l,l);p(i);p(l);dti=i(l     =E;N};S$            
310 :                     i(l,l);p(i);p(l);dti=i(l,     E;N};S$             
311 : E->i(W)M            i(l,l);p(i);p(l);dti=i(l,     E;N};S$             
311 : SAVESTATE:          22
311 :                     i(l,l);p(i);p(l);dti=i(l,     i(W)M;N};S$         
312 :                     (l,l);p(i);p(l);dti=i(l,l     (W)M;N};S$          
313 :                     l,l);p(i);p(l);dti=i(l,l)     W)M;N};S$           
314 : W->l,W              l,l);p(i);p(l);dti=i(l,l)     W)M;N};S$           
314 : SAVESTATE:          23
314 :                     l,l);p(i);p(l);dti=i(l,l)     l,W)M;N};S$         
315 :                     ,l);p(i);p(l);dti=i(l,l);     ,W)M;N};S$          
316 :                     l);p(i);p(l);dti=i(l,l);p     W)M;N};S$           
317 : W->l,W              l);p(i);p(l);dti=i(l,l);p     W)M;N};S$           
317 : SAVESTATE:          24
317 :                     l);p(i);p(l);dti=i(l,l);p     l,W)M;N};S$         
318 :                     );p(i);p(l);dti=i(l,l);p(     ,W)M;N};S$          
319 : TS_NOK / NS_NORULECHAIN
319 : RESSTATE            
319 :                     l);p(i);p(l);dti=i(l,l);p     W)M;N};S$           
320 : W->l                l);p(i);p(l);dti=i(l,l);p     W)M;N};S$           
320 : SAVESTATE:          24
320 :                     l);p(i);p(l);dti=i(l,l);p     l)M;N};S$           
321 :                     );p(i);p(l);dti=i(l,l);p(     )M;N};S$            
322 :                     ;p(i);p(l);dti=i(l,l);p(i     M;N};S$             
323 : TNS_NORULECHAIN/NS_NORULE
323 : RESSTATE            
323 :                     l);p(i);p(l);dti=i(l,l);p     W)M;N};S$           
324 : TNS_NORULECHAIN/NS_NORULE
324 : RESSTATE            
324 :                     l,l);p(i);p(l);dti=i(l,l)     W)M;N};S$           
325 : W->l                l,l);p(i);p(l);dti=i(l,l)     W)M;N};S$           
325 : SAVESTATE:          23
325 :                     l,l);p(i);p(l);dti=i(l,l)     l)M;N};S$           
326 :                     ,l);p(i);p(l);dti=i(l,l);     )M;N};S$            
327 : TS_NOK / NS_NORULECHAIN
327 : RESSTATE            
327 :                     l,l);p(i);p(l);dti=i(l,l)     W)M;N};S$           
328 : TNS_NORULECHAIN/NS_NORULE
328 : RESSTATE            
328 :                     i(l,l);p(i);p(l);dti=i(l,     E;N};S$             
329 : E->i(W)             i(l,l);p(i);p(l);dti=i(l,     E;N};S$             
329 : SAVESTATE:          22
329 :                     i(l,l);p(i);p(l);dti=i(l,     i(W);N};S$          
330 :                     (l,l);p(i);p(l);dti=i(l,l     (W);N};S$           
331 :                     l,l);p(i);p(l);dti=i(l,l)     W);N};S$            
332 : W->l,W              l,l);p(i);p(l);dti=i(l,l)     W);N};S$            
332 : SAVESTATE:          23
332 :                     l,l);p(i);p(l);dti=i(l,l)     l,W);N};S$          
333 :                     ,l);p(i);p(l);dti=i(l,l);     ,W);N};S$           
334 :                     l);p(i);p(l);dti=i(l,l);p     W);N};S$            
335 : W->l,W              l);p(i);p(l);dti=i(l,l);p     W);N};S$            
335 : SAVESTATE:          24
335 :                     l);p(i);p(l);dti=i(l,l);p     l,W);N};S$          
336 :                     );p(i);p(l);dti=i(l,l);p(     ,W);N};S$           
337 : TS_NOK / NS_NORULECHAIN
337 : RESSTATE            
337 :                     l);p(i);p(l);dti=i(l,l);p     W);N};S$            
338 : W->l                l);p(i);p(l);dti=i(l,l);p     W);N};S$            
338 : SAVESTATE:          24
338 :                     l);p(i);p(l);dti=i(l,l);p     l);N};S$            
339 :                     );p(i);p(l);dti=i(l,l);p(     );N};S$             
340 :                     ;p(i);p(l);dti=i(l,l);p(i     ;N};S$              
341 :                     p(i);p(l);dti=i(l,l);p(i)     N};S$               
342 : N->pE;N             p(i);p(l);dti=i(l,l);p(i)     N};S$               
342 : SAVESTATE:          25
342 :                     p(i);p(l);dti=i(l,l);p(i)     pE;N};S$            
343 :                     (i);p(l);dti=i(l,l);p(i);     E;N};S$             
344 : E->(E)M             (i);p(l);dti=i(l,l);p(i);     E;N};S$             
344 : SAVESTATE:          26
344 :                     (i);p(l);dti=i(l,l);p(i);     (E)M;N};S$          
345 :                     i);p(l);dti=i(l,l);p(i);p     E)M;N};S$           
346 : E->i(W)M            i);p(l);dti=i(l,l);p(i);p     E)M;N};S$           
346 : SAVESTATE:          27
346 :                     i);p(l);dti=i(l,l);p(i);p     i(W)M)M;N};S$       
347 :                     );p(l);dti=i(l,l);p(i);p(     (W)M)M;N};S$        
348 : TS_NOK / NS_NORULECHAIN
348 : RESSTATE            
348 :                     i);p(l);dti=i(l,l);p(i);p     E)M;N};S$           
349 : E->i(W)             i);p(l);dti=i(l,l);p(i);p     E)M;N};S$           
349 : SAVESTATE:          27
349 :                     i);p(l);dti=i(l,l);p(i);p     i(W))M;N};S$        
350 :                     );p(l);dti=i(l,l);p(i);p(     (W))M;N};S$         
351 : TS_NOK / NS_NORULECHAIN
351 : RESSTATE            
351 :                     i);p(l);dti=i(l,l);p(i);p     E)M;N};S$           
352 : E->iM               i);p(l);dti=i(l,l);p(i);p     E)M;N};S$           
352 : SAVESTATE:          27
352 :                     i);p(l);dti=i(l,l);p(i);p     iM)M;N};S$          
353 :                     );p(l);dti=i(l,l);p(i);p(     M)M;N};S$           
354 : TNS_NORULECHAIN/NS_NORULE
354 : RESSTATE            
354 :                     i);p(l);dti=i(l,l);p(i);p     E)M;N};S$           
355 : E->i                i);p(l);dti=i(l,l);p(i);p     E)M;N};S$           
355 : SAVESTATE:          27
355 :                     i);p(l);dti=i(l,l);p(i);p     i)M;N};S$           
356 :                     );p(l);dti=i(l,l);p(i);p(     )M;N};S$            
357 :                     ;p(l);dti=i(l,l);p(i);p(l     M;N};S$             
358 : TNS_NORULECHAIN/NS_NORULE
358 : RESSTATE            
358 :                     i);p(l);dti=i(l,l);p(i);p     E)M;N};S$           
359 : TNS_NORULECHAIN/NS_NORULE
359 : RESSTATE            
359 :                     (i);p(l);dti=i(l,l);p(i);     E;N};S$             
360 : E->(E)              (i);p(l);dti=i(l,l);p(i);     E;N};S$             
360 : SAVESTATE:          26
360 :                     (i);p(l);dti=i(l,l);p(i);     (E);N};S$           
361 :                     i);p(l);dti=i(l,l);p(i);p     E);N};S$            
362 : E->i(W)M            i);p(l);dti=i(l,l);p(i);p     E);N};S$            
362 : SAVESTATE:          27
362 :                     i);p(l);dti=i(l,l);p(i);p     i(W)M);N};S$        
363 :                     );p(l);dti=i(l,l);p(i);p(     (W)M);N};S$         
364 : TS_NOK / NS_NORULECHAIN
364 : RESSTATE            
364 :                     i);p(l);dti=i(l,l);p(i);p     E);N};S$            
365 : E->i(W)             i);p(l);dti=i(l,l);p(i);p     E);N};S$            
365 : SAVESTATE:          27
365 :                     i);p(l);dti=i(l,l);p(i);p     i(W));N};S$         
366 :                     );p(l);dti=i(l,l);p(i);p(     (W));N};S$          
367 : TS_NOK / NS_NORULECHAIN
367 : RESSTATE            
367 :                     i);p(l);dti=i(l,l);p(i);p     E);N};S$            
368 : E->iM               i);p(l);dti=i(l,l);p(i);p     E);N};S$            
368 : SAVESTATE:          27
368 :                     i);p(l);dti=i(l,l);p(i);p     iM);N};S$           
369 :                     );p(l);dti=i(l,l);p(i);p(     M);N};S$            
370 : TNS_NORULECHAIN/NS_NORULE
370 : RESSTATE            
370 :                     i);p(l);dti=i(l,l);p(i);p     E);N};S$            
371 : E->i                i);p(l);dti=i(l,l);p(i);p     E);N};S$            
371 : SAVESTATE:          27
371 :                     i);p(l);dti=i(l,l);p(i);p     i);N};S$            
372 :                     );p(l);dti=i(l,l);p(i);p(     );N};S$             
373 :                     ;p(l);dti=i(l,l);p(i);p(l     ;N};S$              
374 :                     p(l);dti=i(l,l);p(i);p(l)     N};S$               
375 : N->pE;N             p(l);dti=i(l,l);p(i);p(l)     N};S$               
375 : SAVESTATE:          28
375 :                     p(l);dti=i(l,l);p(i);p(l)     pE;N};S$            
376 :                     (l);dti=i(l,l);p(i);p(l);     E;N};S$             
377 : E->(E)M             (l);dti=i(l,l);p(i);p(l);     E;N};S$             
377 : SAVESTATE:          29
377 :                     (l);dti=i(l,l);p(i);p(l);     (E)M;N};S$          
378 :                     l);dti=i(l,l);p(i);p(l);d     E)M;N};S$           
379 : E->lM               l);dti=i(l,l);p(i);p(l);d     E)M;N};S$           
379 : SAVESTATE:          30
379 :                     l);dti=i(l,l);p(i);p(l);d     lM)M;N};S$          
380 :                     );dti=i(l,l);p(i);p(l);dt     M)M;N};S$           
381 : TNS_NORULECHAIN/NS_NORULE
381 : RESSTATE            
381 :                     l);dti=i(l,l);p(i);p(l);d     E)M;N};S$           
382 : E->l                l);dti=i(l,l);p(i);p(l);d     E)M;N};S$           
382 : SAVESTATE:          30
382 :                     l);dti=i(l,l);p(i);p(l);d     l)M;N};S$           
383 :                     );dti=i(l,l);p(i);p(l);dt     )M;N};S$            
384 :                     ;dti=i(l,l);p(i);p(l);dti     M;N};S$             
385 : TNS_NORULECHAIN/NS_NORULE
385 : RESSTATE            
385 :                     l);dti=i(l,l);p(i);p(l);d     E)M;N};S$           
386 : TNS_NORULECHAIN/NS_NORULE
386 : RESSTATE            
386 :                     (l);dti=i(l,l);p(i);p(l);     E;N};S$             
387 : E->(E)              (l);dti=i(l,l);p(i);p(l);     E;N};S$             
387 : SAVESTATE:          29
387 :                     (l);dti=i(l,l);p(i);p(l);     (E);N};S$           
388 :                     l);dti=i(l,l);p(i);p(l);d     E);N};S$            
389 : E->lM               l);dti=i(l,l);p(i);p(l);d     E);N};S$            
389 : SAVESTATE:          30
389 :                     l);dti=i(l,l);p(i);p(l);d     lM);N};S$           
390 :                     );dti=i(l,l);p(i);p(l);dt     M);N};S$            
391 : TNS_NORULECHAIN/NS_NORULE
391 : RESSTATE            
391 :                     l);dti=i(l,l);p(i);p(l);d     E);N};S$            
392 : E->l                l);dti=i(l,l);p(i);p(l);d     E);N};S$            
392 : SAVESTATE:          30
392 :                     l);dti=i(l,l);p(i);p(l);d     l);N};S$            
393 :                     );dti=i(l,l);p(i);p(l);dt     );N};S$             
394 :                     ;dti=i(l,l);p(i);p(l);dti     ;N};S$              
395 :                     dti=i(l,l);p(i);p(l);dti=     N};S$               
396 : N->dti=E;N          dti=i(l,l);p(i);p(l);dti=     N};S$               
396 : SAVESTATE:          31
396 :                     dti=i(l,l);p(i);p(l);dti=     dti=E;N};S$         
397 :                     ti=i(l,l);p(i);p(l);dti=l     ti=E;N};S$          
398 :                     i=i(l,l);p(i);p(l);dti=lv     i=E;N};S$           
399 :                     =i(l,l);p(i);p(l);dti=lvl     =E;N};S$            
400 :                     i(l,l);p(i);p(l);dti=lvl;     E;N};S$             
401 : E->i(W)M            i(l,l);p(i);p(l);dti=lvl;     E;N};S$             
401 : SAVESTATE:          32
401 :                     i(l,l);p(i);p(l);dti=lvl;     i(W)M;N};S$         
402 :                     (l,l);p(i);p(l);dti=lvl;d     (W)M;N};S$          
403 :                     l,l);p(i);p(l);dti=lvl;dt     W)M;N};S$           
404 : W->l,W              l,l);p(i);p(l);dti=lvl;dt     W)M;N};S$           
404 : SAVESTATE:          33
404 :                     l,l);p(i);p(l);dti=lvl;dt     l,W)M;N};S$         
405 :                     ,l);p(i);p(l);dti=lvl;dti     ,W)M;N};S$          
406 :                     l);p(i);p(l);dti=lvl;dti=     W)M;N};S$           
407 : W->l,W              l);p(i);p(l);dti=lvl;dti=     W)M;N};S$           
407 : SAVESTATE:          34
407 :                     l);p(i);p(l);dti=lvl;dti=     l,W)M;N};S$         
408 :                     );p(i);p(l);dti=lvl;dti=~     ,W)M;N};S$          
409 : TS_NOK / NS_NORULECHAIN
409 : RESSTATE            
409 :                     l);p(i);p(l);dti=lvl;dti=     W)M;N};S$           
410 : W->l                l);p(i);p(l);dti=lvl;dti=     W)M;N};S$           
410 : SAVESTATE:          34
410 :                     l);p(i);p(l);dti=lvl;dti=     l)M;N};S$           
411 :                     );p(i);p(l);dti=lvl;dti=~     )M;N};S$            
412 :                     ;p(i);p(l);dti=lvl;dti=~l     M;N};S$             
413 : TNS_NORULECHAIN/NS_NORULE
413 : RESSTATE            
413 :                     l);p(i);p(l);dti=lvl;dti=     W)M;N};S$           
414 : TNS_NORULECHAIN/NS_NORULE
414 : RESSTATE            
414 :                     l,l);p(i);p(l);dti=lvl;dt     W)M;N};S$           
415 : W->l                l,l);p(i);p(l);dti=lvl;dt     W)M;N};S$           
415 : SAVESTATE:          33
415 :                     l,l);p(i);p(l);dti=lvl;dt     l)M;N};S$           
416 :                     ,l);p(i);p(l);dti=lvl;dti     )M;N};S$            
417 : TS_NOK / NS_NORULECHAIN
417 : RESSTATE            
417 :                     l,l);p(i);p(l);dti=lvl;dt     W)M;N};S$           
418 : TNS_NORULECHAIN/NS_NORULE
418 : RESSTATE            
418 :                     i(l,l);p(i);p(l);dti=lvl;     E;N};S$             
419 : E->i(W)             i(l,l);p(i);p(l);dti=lvl;     E;N};S$             
419 : SAVESTATE:          32
419 :                     i(l,l);p(i);p(l);dti=lvl;     i(W);N};S$          
420 :                     (l,l);p(i);p(l);dti=lvl;d     (W);N};S$           
421 :                     l,l);p(i);p(l);dti=lvl;dt     W);N};S$            
422 : W->l,W              l,l);p(i);p(l);dti=lvl;dt     W);N};S$            
422 : SAVESTATE:          33
422 :                     l,l);p(i);p(l);dti=lvl;dt     l,W);N};S$          
423 :                     ,l);p(i);p(l);dti=lvl;dti     ,W);N};S$           
424 :                     l);p(i);p(l);dti=lvl;dti=     W);N};S$            
425 : W->l,W              l);p(i);p(l);dti=lvl;dti=     W);N};S$            
425 : SAVESTATE:          34
425 :                     l);p(i);p(l);dti=lvl;dti=     l,W);N};S$          
426 :                     );p(i);p(l);dti=lvl;dti=~     ,W);N};S$           
427 : TS_NOK / NS_NORULECHAIN
427 : RESSTATE            
427 :                     l);p(i);p(l);dti=lvl;dti=     W);N};S$            
428 : W->l                l);p(i);p(l);dti=lvl;dti=     W);N};S$            
428 : SAVESTATE:          34
428 :                     l);p(i);p(l);dti=lvl;dti=     l);N};S$            
429 :                     );p(i);p(l);dti=lvl;dti=~     );N};S$             
430 :                     ;p(i);p(l);dti=lvl;dti=~l     ;N};S$              
431 :                     p(i);p(l);dti=lvl;dti=~l;     N};S$               
432 : N->pE;N             p(i);p(l);dti=lvl;dti=~l;     N};S$               
432 : SAVESTATE:          35
432 :                     p(i);p(l);dti=lvl;dti=~l;     pE;N};S$            
433 :                     (i);p(l);dti=lvl;dti=~l;d     E;N};S$             
434 : E->(E)M             (i);p(l);dti=lvl;dti=~l;d     E;N};S$             
434 : SAVESTATE:          36
434 :                     (i);p(l);dti=lvl;dti=~l;d     (E)M;N};S$          
435 :                     i);p(l);dti=lvl;dti=~l;dt     E)M;N};S$           
436 : E->i(W)M            i);p(l);dti=lvl;dti=~l;dt     E)M;N};S$           
436 : SAVESTATE:          37
436 :                     i);p(l);dti=lvl;dti=~l;dt     i(W)M)M;N};S$       
437 :                     );p(l);dti=lvl;dti=~l;dti     (W)M)M;N};S$        
438 : TS_NOK / NS_NORULECHAIN
438 : RESSTATE            
438 :                     i);p(l);dti=lvl;dti=~l;dt     E)M;N};S$           
439 : E->i(W)             i);p(l);dti=lvl;dti=~l;dt     E)M;N};S$           
439 : SAVESTATE:          37
439 :                     i);p(l);dti=lvl;dti=~l;dt     i(W))M;N};S$        
440 :                     );p(l);dti=lvl;dti=~l;dti     (W))M;N};S$         
441 : TS_NOK / NS_NORULECHAIN
441 : RESSTATE            
441 :                     i);p(l);dti=lvl;dti=~l;dt     E)M;N};S$           
442 : E->iM               i);p(l);dti=lvl;dti=~l;dt     E)M;N};S$           
442 : SAVESTATE:          37
442 :                     i);p(l);dti=lvl;dti=~l;dt     iM)M;N};S$          
443 :                     );p(l);dti=lvl;dti=~l;dti     M)M;N};S$           
444 : TNS_NORULECHAIN/NS_NORULE
444 : RESSTATE            
444 :                     i);p(l);dti=lvl;dti=~l;dt     E)M;N};S$           
445 : E->i                i);p(l);dti=lvl;dti=~l;dt     E)M;N};S$           
445 : SAVESTATE:          37
445 :                     i);p(l);dti=lvl;dti=~l;dt     i)M;N};S$           
446 :                     );p(l);dti=lvl;dti=~l;dti     )M;N};S$            
447 :                     ;p(l);dti=lvl;dti=~l;dti=     M;N};S$             
448 : TNS_NORULECHAIN/NS_NORULE
448 : RESSTATE            
448 :                     i);p(l);dti=lvl;dti=~l;dt     E)M;N};S$           
449 : TNS_NORULECHAIN/NS_NORULE
449 : RESSTATE            
449 :                     (i);p(l);dti=lvl;dti=~l;d     E;N};S$             
450 : E->(E)              (i);p(l);dti=lvl;dti=~l;d     E;N};S$             
450 : SAVESTATE:          36
450 :                     (i);p(l);dti=lvl;dti=~l;d     (E);N};S$           
451 :                     i);p(l);dti=lvl;dti=~l;dt     E);N};S$            
452 : E->i(W)M            i);p(l);dti=lvl;dti=~l;dt     E);N};S$            
452 : SAVESTATE:          37
452 :                     i);p(l);dti=lvl;dti=~l;dt     i(W)M);N};S$        
453 :                     );p(l);dti=lvl;dti=~l;dti     (W)M);N};S$         
454 : TS_NOK / NS_NORULECHAIN
454 : RESSTATE            
454 :                     i);p(l);dti=lvl;dti=~l;dt     E);N};S$            
455 : E->i(W)             i);p(l);dti=lvl;dti=~l;dt     E);N};S$            
455 : SAVESTATE:          37
455 :                     i);p(l);dti=lvl;dti=~l;dt     i(W));N};S$         
456 :                     );p(l);dti=lvl;dti=~l;dti     (W));N};S$          
457 : TS_NOK / NS_NORULECHAIN
457 : RESSTATE            
457 :                     i);p(l);dti=lvl;dti=~l;dt     E);N};S$            
458 : E->iM               i);p(l);dti=lvl;dti=~l;dt     E);N};S$            
458 : SAVESTATE:          37
458 :                     i);p(l);dti=lvl;dti=~l;dt     iM);N};S$           
459 :                     );p(l);dti=lvl;dti=~l;dti     M);N};S$            
460 : TNS_NORULECHAIN/NS_NORULE
460 : RESSTATE            
460 :                     i);p(l);dti=lvl;dti=~l;dt     E);N};S$            
461 : E->i                i);p(l);dti=lvl;dti=~l;dt     E);N};S$            
461 : SAVESTATE:          37
461 :                     i);p(l);dti=lvl;dti=~l;dt     i);N};S$            
462 :                     );p(l);dti=lvl;dti=~l;dti     );N};S$             
463 :                     ;p(l);dti=lvl;dti=~l;dti=     ;N};S$              
464 :                     p(l);dti=lvl;dti=~l;dti=l     N};S$               
465 : N->pE;N             p(l);dti=lvl;dti=~l;dti=l     N};S$               
465 : SAVESTATE:          38
465 :                     p(l);dti=lvl;dti=~l;dti=l     pE;N};S$            
466 :                     (l);dti=lvl;dti=~l;dti=l;     E;N};S$             
467 : E->(E)M             (l);dti=lvl;dti=~l;dti=l;     E;N};S$             
467 : SAVESTATE:          39
467 :                     (l);dti=lvl;dti=~l;dti=l;     (E)M;N};S$          
468 :                     l);dti=lvl;dti=~l;dti=l;d     E)M;N};S$           
469 : E->lM               l);dti=lvl;dti=~l;dti=l;d     E)M;N};S$           
469 : SAVESTATE:          40
469 :                     l);dti=lvl;dti=~l;dti=l;d     lM)M;N};S$          
470 :                     );dti=lvl;dti=~l;dti=l;dt     M)M;N};S$           
471 : TNS_NORULECHAIN/NS_NORULE
471 : RESSTATE            
471 :                     l);dti=lvl;dti=~l;dti=l;d     E)M;N};S$           
472 : E->l                l);dti=lvl;dti=~l;dti=l;d     E)M;N};S$           
472 : SAVESTATE:          40
472 :                     l);dti=lvl;dti=~l;dti=l;d     l)M;N};S$           
473 :                     );dti=lvl;dti=~l;dti=l;dt     )M;N};S$            
474 :                     ;dti=lvl;dti=~l;dti=l;dti     M;N};S$             
475 : TNS_NORULECHAIN/NS_NORULE
475 : RESSTATE            
475 :                     l);dti=lvl;dti=~l;dti=l;d     E)M;N};S$           
476 : TNS_NORULECHAIN/NS_NORULE
476 : RESSTATE            
476 :                     (l);dti=lvl;dti=~l;dti=l;     E;N};S$             
477 : E->(E)              (l);dti=lvl;dti=~l;dti=l;     E;N};S$             
477 : SAVESTATE:          39
477 :                     (l);dti=lvl;dti=~l;dti=l;     (E);N};S$           
478 :                     l);dti=lvl;dti=~l;dti=l;d     E);N};S$            
479 : E->lM               l);dti=lvl;dti=~l;dti=l;d     E);N};S$            
479 : SAVESTATE:          40
479 :                     l);dti=lvl;dti=~l;dti=l;d     lM);N};S$           
480 :                     );dti=lvl;dti=~l;dti=l;dt     M);N};S$            
481 : TNS_NORULECHAIN/NS_NORULE
481 : RESSTATE            
481 :                     l);dti=lvl;dti=~l;dti=l;d     E);N};S$            
482 : E->l                l);dti=lvl;dti=~l;dti=l;d     E);N};S$            
482 : SAVESTATE:          40
482 :                     l);dti=lvl;dti=~l;dti=l;d     l);N};S$            
483 :                     );dti=lvl;dti=~l;dti=l;dt     );N};S$             
484 :                     ;dti=lvl;dti=~l;dti=l;dti     ;N};S$              
485 :                     dti=lvl;dti=~l;dti=l;dti=     N};S$               
486 : N->dti=E;N          dti=lvl;dti=~l;dti=l;dti=     N};S$               
486 : SAVESTATE:          41
486 :                     dti=lvl;dti=~l;dti=l;dti=     dti=E;N};S$         
487 :                     ti=lvl;dti=~l;dti=l;dti=l     ti=E;N};S$          
488 :                     i=lvl;dti=~l;dti=l;dti=l;     i=E;N};S$           
489 :                     =lvl;dti=~l;dti=l;dti=l;d     =E;N};S$            
490 :                     lvl;dti=~l;dti=l;dti=l;dt     E;N};S$             
491 : E->lM               lvl;dti=~l;dti=l;dti=l;dt     E;N};S$             
491 : SAVESTATE:          42
491 :                     lvl;dti=~l;dti=l;dti=l;dt     lM;N};S$            
492 :                     vl;dti=~l;dti=l;dti=l;dti     M;N};S$             
493 : M->vEM              vl;dti=~l;dti=l;dti=l;dti     M;N};S$             
493 : SAVESTATE:          43
493 :                     vl;dti=~l;dti=l;dti=l;dti     vEM;N};S$           
494 :                     l;dti=~l;dti=l;dti=l;dti=     EM;N};S$            
495 : E->lM               l;dti=~l;dti=l;dti=l;dti=     EM;N};S$            
495 : SAVESTATE:          44
495 :                     l;dti=~l;dti=l;dti=l;dti=     lMM;N};S$           
496 :                     ;dti=~l;dti=l;dti=l;dti=[     MM;N};S$            
497 : TNS_NORULECHAIN/NS_NORULE
497 : RESSTATE            
497 :                     l;dti=~l;dti=l;dti=l;dti=     EM;N};S$            
498 : E->l                l;dti=~l;dti=l;dti=l;dti=     EM;N};S$            
498 : SAVESTATE:          44
498 :                     l;dti=~l;dti=l;dti=l;dti=     lM;N};S$            
499 :                     ;dti=~l;dti=l;dti=l;dti=[     M;N};S$             
500 : TNS_NORULECHAIN/NS_NORULE
500 : RESSTATE            
500 :                     l;dti=~l;dti=l;dti=l;dti=     EM;N};S$            
501 : TNS_NORULECHAIN/NS_NORULE
501 : RESSTATE            
501 :                     vl;dti=~l;dti=l;dti=l;dti     M;N};S$             
502 : M->vE               vl;dti=~l;dti=l;dti=l;dti     M;N};S$             
502 : SAVESTATE:          43
502 :                     vl;dti=~l;dti=l;dti=l;dti     vE;N};S$            
503 :                     l;dti=~l;dti=l;dti=l;dti=     E;N};S$             
504 : E->lM               l;dti=~l;dti=l;dti=l;dti=     E;N};S$             
504 : SAVESTATE:          44
504 :                     l;dti=~l;dti=l;dti=l;dti=     lM;N};S$            
505 :                     ;dti=~l;dti=l;dti=l;dti=[     M;N};S$             
506 : TNS_NORULECHAIN/NS_NORULE
506 : RESSTATE            
506 :                     l;dti=~l;dti=l;dti=l;dti=     E;N};S$             
507 : E->l                l;dti=~l;dti=l;dti=l;dti=     E;N};S$             
507 : SAVESTATE:          44
507 :                     l;dti=~l;dti=l;dti=l;dti=     l;N};S$             
508 :                     ;dti=~l;dti=l;dti=l;dti=[     ;N};S$              
509 :                     dti=~l;dti=l;dti=l;dti=[i     N};S$               
510 : N->dti=E;N          dti=~l;dti=l;dti=l;dti=[i     N};S$               
510 : SAVESTATE:          45
510 :                     dti=~l;dti=l;dti=l;dti=[i     dti=E;N};S$         
511 :                     ti=~l;dti=l;dti=l;dti=[i;     ti=E;N};S$          
512 :                     i=~l;dti=l;dti=l;dti=[i;d     i=E;N};S$           
513 :                     =~l;dti=l;dti=l;dti=[i;dt     =E;N};S$            
514 :                     ~l;dti=l;dti=l;dti=[i;dti     E;N};S$             
515 : E->~E               ~l;dti=l;dti=l;dti=[i;dti     E;N};S$             
515 : SAVESTATE:          46
515 :                     ~l;dti=l;dti=l;dti=[i;dti     ~E;N};S$            
516 :                     l;dti=l;dti=l;dti=[i;dti=     E;N};S$             
517 : E->lM               l;dti=l;dti=l;dti=[i;dti=     E;N};S$             
517 : SAVESTATE:          47
517 :                     l;dti=l;dti=l;dti=[i;dti=     lM;N};S$            
518 :                     ;dti=l;dti=l;dti=[i;dti=i     M;N};S$             
519 : TNS_NORULECHAIN/NS_NORULE
519 : RESSTATE            
519 :                     l;dti=l;dti=l;dti=[i;dti=     E;N};S$             
520 : E->l                l;dti=l;dti=l;dti=[i;dti=     E;N};S$             
520 : SAVESTATE:          47
520 :                     l;dti=l;dti=l;dti=[i;dti=     l;N};S$             
521 :                     ;dti=l;dti=l;dti=[i;dti=i     ;N};S$              
522 :                     dti=l;dti=l;dti=[i;dti=i_     N};S$               
523 : N->dti=E;N          dti=l;dti=l;dti=[i;dti=i_     N};S$               
523 : SAVESTATE:          48
523 :                     dti=l;dti=l;dti=[i;dti=i_     dti=E;N};S$         
524 :                     ti=l;dti=l;dti=[i;dti=i_;     ti=E;N};S$          
525 :                     i=l;dti=l;dti=[i;dti=i_;d     i=E;N};S$           
526 :                     =l;dti=l;dti=[i;dti=i_;dt     =E;N};S$            
527 :                     l;dti=l;dti=[i;dti=i_;dti     E;N};S$             
528 : E->lM               l;dti=l;dti=[i;dti=i_;dti     E;N};S$             
528 : SAVESTATE:          49
528 :                     l;dti=l;dti=[i;dti=i_;dti     lM;N};S$            
529 :                     ;dti=l;dti=[i;dti=i_;dti;     M;N};S$             
530 : TNS_NORULECHAIN/NS_NORULE
530 : RESSTATE            
530 :                     l;dti=l;dti=[i;dti=i_;dti     E;N};S$             
531 : E->l                l;dti=l;dti=[i;dti=i_;dti     E;N};S$             
531 : SAVESTATE:          49
531 :                     l;dti=l;dti=[i;dti=i_;dti     l;N};S$             
532 :                     ;dti=l;dti=[i;dti=i_;dti;     ;N};S$              
533 :                     dti=l;dti=[i;dti=i_;dti;i     N};S$               
534 : N->dti=E;N          dti=l;dti=[i;dti=i_;dti;i     N};S$               
534 : SAVESTATE:          50
534 :                     dti=l;dti=[i;dti=i_;dti;i     dti=E;N};S$         
535 :                     ti=l;dti=[i;dti=i_;dti;i=     ti=E;N};S$          
536 :                     i=l;dti=[i;dti=i_;dti;i=l     i=E;N};S$           
537 :                     =l;dti=[i;dti=i_;dti;i=lv     =E;N};S$            
538 :                     l;dti=[i;dti=i_;dti;i=lvl     E;N};S$             
539 : E->lM               l;dti=[i;dti=i_;dti;i=lvl     E;N};S$             
539 : SAVESTATE:          51
539 :                     l;dti=[i;dti=i_;dti;i=lvl     lM;N};S$            
540 :                     ;dti=[i;dti=i_;dti;i=lvl;     M;N};S$             
541 : TNS_NORULECHAIN/NS_NORULE
541 : RESSTATE            
541 :                     l;dti=[i;dti=i_;dti;i=lvl     E;N};S$             
542 : E->l                l;dti=[i;dti=i_;dti;i=lvl     E;N};S$             
542 : SAVESTATE:          51
542 :                     l;dti=[i;dti=i_;dti;i=lvl     l;N};S$             
543 :                     ;dti=[i;dti=i_;dti;i=lvl;     ;N};S$              
544 :                     dti=[i;dti=i_;dti;i=lvl;p     N};S$               
545 : N->dti=E;N          dti=[i;dti=i_;dti;i=lvl;p     N};S$               
545 : SAVESTATE:          52
545 :                     dti=[i;dti=i_;dti;i=lvl;p     dti=E;N};S$         
546 :                     ti=[i;dti=i_;dti;i=lvl;p(     ti=E;N};S$          
547 :                     i=[i;dti=i_;dti;i=lvl;p(i     i=E;N};S$           
548 :                     =[i;dti=i_;dti;i=lvl;p(i)     =E;N};S$            
549 :                     [i;dti=i_;dti;i=lvl;p(i);     E;N};S$             
550 : E->[E               [i;dti=i_;dti;i=lvl;p(i);     E;N};S$             
550 : SAVESTATE:          53
550 :                     [i;dti=i_;dti;i=lvl;p(i);     [E;N};S$            
551 :                     i;dti=i_;dti;i=lvl;p(i);p     E;N};S$             
552 : E->i(W)M            i;dti=i_;dti;i=lvl;p(i);p     E;N};S$             
552 : SAVESTATE:          54
552 :                     i;dti=i_;dti;i=lvl;p(i);p     i(W)M;N};S$         
553 :                     ;dti=i_;dti;i=lvl;p(i);p(     (W)M;N};S$          
554 : TS_NOK / NS_NORULECHAIN
554 : RESSTATE            
554 :                     i;dti=i_;dti;i=lvl;p(i);p     E;N};S$             
555 : E->i(W)             i;dti=i_;dti;i=lvl;p(i);p     E;N};S$             
555 : SAVESTATE:          54
555 :                     i;dti=i_;dti;i=lvl;p(i);p     i(W);N};S$          
556 :                     ;dti=i_;dti;i=lvl;p(i);p(     (W);N};S$           
557 : TS_NOK / NS_NORULECHAIN
557 : RESSTATE            
557 :                     i;dti=i_;dti;i=lvl;p(i);p     E;N};S$             
558 : E->iM               i;dti=i_;dti;i=lvl;p(i);p     E;N};S$             
558 : SAVESTATE:          54
558 :                     i;dti=i_;dti;i=lvl;p(i);p     iM;N};S$            
559 :                     ;dti=i_;dti;i=lvl;p(i);p(     M;N};S$             
560 : TNS_NORULECHAIN/NS_NORULE
560 : RESSTATE            
560 :                     i;dti=i_;dti;i=lvl;p(i);p     E;N};S$             
561 : E->i                i;dti=i_;dti;i=lvl;p(i);p     E;N};S$             
561 : SAVESTATE:          54
561 :                     i;dti=i_;dti;i=lvl;p(i);p     i;N};S$             
562 :                     ;dti=i_;dti;i=lvl;p(i);p(     ;N};S$              
563 :                     dti=i_;dti;i=lvl;p(i);p(i     N};S$               
564 : N->dti=E;N          dti=i_;dti;i=lvl;p(i);p(i     N};S$               
564 : SAVESTATE:          55
564 :                     dti=i_;dti;i=lvl;p(i);p(i     dti=E;N};S$         
565 :                     ti=i_;dti;i=lvl;p(i);p(i)     ti=E;N};S$          
566 :                     i=i_;dti;i=lvl;p(i);p(i);     i=E;N};S$           
567 :                     =i_;dti;i=lvl;p(i);p(i);p     =E;N};S$            
568 :                     i_;dti;i=lvl;p(i);p(i);p(     E;N};S$             
569 : E->i(W)M            i_;dti;i=lvl;p(i);p(i);p(     E;N};S$             
569 : SAVESTATE:          56
569 :                     i_;dti;i=lvl;p(i);p(i);p(     i(W)M;N};S$         
570 :                     _;dti;i=lvl;p(i);p(i);p(i     (W)M;N};S$          
571 : TS_NOK / NS_NORULECHAIN
571 : RESSTATE            
571 :                     i_;dti;i=lvl;p(i);p(i);p(     E;N};S$             
572 : E->i(W)             i_;dti;i=lvl;p(i);p(i);p(     E;N};S$             
572 : SAVESTATE:          56
572 :                     i_;dti;i=lvl;p(i);p(i);p(     i(W);N};S$          
573 :                     _;dti;i=lvl;p(i);p(i);p(i     (W);N};S$           
574 : TS_NOK / NS_NORULECHAIN
574 : RESSTATE            
574 :                     i_;dti;i=lvl;p(i);p(i);p(     E;N};S$             
575 : E->iM               i_;dti;i=lvl;p(i);p(i);p(     E;N};S$             
575 : SAVESTATE:          56
575 :                     i_;dti;i=lvl;p(i);p(i);p(     iM;N};S$            
576 :                     _;dti;i=lvl;p(i);p(i);p(i     M;N};S$             
577 : M->_M               _;dti;i=lvl;p(i);p(i);p(i     M;N};S$             
577 : SAVESTATE:          57
577 :                     _;dti;i=lvl;p(i);p(i);p(i     _M;N};S$            
578 :                     ;dti;i=lvl;p(i);p(i);p(i)     M;N};S$             
579 : TNS_NORULECHAIN/NS_NORULE
579 : RESSTATE            
579 :                     _;dti;i=lvl;p(i);p(i);p(i     M;N};S$             
580 : M->_                _;dti;i=lvl;p(i);p(i);p(i     M;N};S$             
580 : SAVESTATE:          57
580 :                     _;dti;i=lvl;p(i);p(i);p(i     _;N};S$             
581 :                     ;dti;i=lvl;p(i);p(i);p(i)     ;N};S$              
582 :                     dti;i=lvl;p(i);p(i);p(i);     N};S$               
583 : N->dti=E;N          dti;i=lvl;p(i);p(i);p(i);     N};S$               
583 : SAVESTATE:          58
583 :                     dti;i=lvl;p(i);p(i);p(i);     dti=E;N};S$         
584 :                     ti;i=lvl;p(i);p(i);p(i);p     ti=E;N};S$          
585 :                     i;i=lvl;p(i);p(i);p(i);p(     i=E;N};S$           
586 :                     ;i=lvl;p(i);p(i);p(i);p(i     =E;N};S$            
587 : TS_NOK / NS_NORULECHAIN
587 : RESSTATE            
587 :                     dti;i=lvl;p(i);p(i);p(i);     N};S$               
588 : N->dti;N            dti;i=lvl;p(i);p(i);p(i);     N};S$               
588 : SAVESTATE:          58
588 :                     dti;i=lvl;p(i);p(i);p(i);     dti;N};S$           
589 :                     ti;i=lvl;p(i);p(i);p(i);p     ti;N};S$            
590 :                     i;i=lvl;p(i);p(i);p(i);p(     i;N};S$             
591 :                     ;i=lvl;p(i);p(i);p(i);p(i     ;N};S$              
592 :                     i=lvl;p(i);p(i);p(i);p(i)     N};S$               
593 : N->i=E;N            i=lvl;p(i);p(i);p(i);p(i)     N};S$               
593 : SAVESTATE:          59
593 :                     i=lvl;p(i);p(i);p(i);p(i)     i=E;N};S$           
594 :                     =lvl;p(i);p(i);p(i);p(i);     =E;N};S$            
595 :                     lvl;p(i);p(i);p(i);p(i);p     E;N};S$             
596 : E->lM               lvl;p(i);p(i);p(i);p(i);p     E;N};S$             
596 : SAVESTATE:          60
596 :                     lvl;p(i);p(i);p(i);p(i);p     lM;N};S$            
597 :                     vl;p(i);p(i);p(i);p(i);p(     M;N};S$             
598 : M->vEM              vl;p(i);p(i);p(i);p(i);p(     M;N};S$             
598 : SAVESTATE:          61
598 :                     vl;p(i);p(i);p(i);p(i);p(     vEM;N};S$           
599 :                     l;p(i);p(i);p(i);p(i);p(i     EM;N};S$            
600 : E->lM               l;p(i);p(i);p(i);p(i);p(i     EM;N};S$            
600 : SAVESTATE:          62
600 :                     l;p(i);p(i);p(i);p(i);p(i     lMM;N};S$           
601 :                     ;p(i);p(i);p(i);p(i);p(i)     MM;N};S$            
602 : TNS_NORULECHAIN/NS_NORULE
602 : RESSTATE            
602 :                     l;p(i);p(i);p(i);p(i);p(i     EM;N};S$            
603 : E->l                l;p(i);p(i);p(i);p(i);p(i     EM;N};S$            
603 : SAVESTATE:          62
603 :                     l;p(i);p(i);p(i);p(i);p(i     lM;N};S$            
604 :                     ;p(i);p(i);p(i);p(i);p(i)     M;N};S$             
605 : TNS_NORULECHAIN/NS_NORULE
605 : RESSTATE            
605 :                     l;p(i);p(i);p(i);p(i);p(i     EM;N};S$            
606 : TNS_NORULECHAIN/NS_NORULE
606 : RESSTATE            
606 :                     vl;p(i);p(i);p(i);p(i);p(     M;N};S$             
607 : M->vE               vl;p(i);p(i);p(i);p(i);p(     M;N};S$             
607 : SAVESTATE:          61
607 :                     vl;p(i);p(i);p(i);p(i);p(     vE;N};S$            
608 :                     l;p(i);p(i);p(i);p(i);p(i     E;N};S$             
609 : E->lM               l;p(i);p(i);p(i);p(i);p(i     E;N};S$             
609 : SAVESTATE:          62
609 :                     l;p(i);p(i);p(i);p(i);p(i     lM;N};S$            
610 :                     ;p(i);p(i);p(i);p(i);p(i)     M;N};S$             
611 : TNS_NORULECHAIN/NS_NORULE
611 : RESSTATE            
611 :                     l;p(i);p(i);p(i);p(i);p(i     E;N};S$             
612 : E->l                l;p(i);p(i);p(i);p(i);p(i     E;N};S$             
612 : SAVESTATE:          62
612 :                     l;p(i);p(i);p(i);p(i);p(i     l;N};S$             
613 :                     ;p(i);p(i);p(i);p(i);p(i)     ;N};S$              
614 :                     p(i);p(i);p(i);p(i);p(i);     N};S$               
615 : N->pE;N             p(i);p(i);p(i);p(i);p(i);     N};S$               
615 : SAVESTATE:          63
615 :                     p(i);p(i);p(i);p(i);p(i);     pE;N};S$            
616 :                     (i);p(i);p(i);p(i);p(i);p     E;N};S$             
617 : E->(E)M             (i);p(i);p(i);p(i);p(i);p     E;N};S$             
617 : SAVESTATE:          64
617 :                     (i);p(i);p(i);p(i);p(i);p     (E)M;N};S$          
618 :                     i);p(i);p(i);p(i);p(i);p(     E)M;N};S$           
619 : E->i(W)M            i);p(i);p(i);p(i);p(i);p(     E)M;N};S$           
619 : SAVESTATE:          65
619 :                     i);p(i);p(i);p(i);p(i);p(     i(W)M)M;N};S$       
620 :                     );p(i);p(i);p(i);p(i);p(l     (W)M)M;N};S$        
621 : TS_NOK / NS_NORULECHAIN
621 : RESSTATE            
621 :                     i);p(i);p(i);p(i);p(i);p(     E)M;N};S$           
622 : E->i(W)             i);p(i);p(i);p(i);p(i);p(     E)M;N};S$           
622 : SAVESTATE:          65
622 :                     i);p(i);p(i);p(i);p(i);p(     i(W))M;N};S$        
623 :                     );p(i);p(i);p(i);p(i);p(l     (W))M;N};S$         
624 : TS_NOK / NS_NORULECHAIN
624 : RESSTATE            
624 :                     i);p(i);p(i);p(i);p(i);p(     E)M;N};S$           
625 : E->iM               i);p(i);p(i);p(i);p(i);p(     E)M;N};S$           
625 : SAVESTATE:          65
625 :                     i);p(i);p(i);p(i);p(i);p(     iM)M;N};S$          
626 :                     );p(i);p(i);p(i);p(i);p(l     M)M;N};S$           
627 : TNS_NORULECHAIN/NS_NORULE
627 : RESSTATE            
627 :                     i);p(i);p(i);p(i);p(i);p(     E)M;N};S$           
628 : E->i                i);p(i);p(i);p(i);p(i);p(     E)M;N};S$           
628 : SAVESTATE:          65
628 :                     i);p(i);p(i);p(i);p(i);p(     i)M;N};S$           
629 :                     );p(i);p(i);p(i);p(i);p(l     )M;N};S$            
630 :                     ;p(i);p(i);p(i);p(i);p(l)     M;N};S$             
631 : TNS_NORULECHAIN/NS_NORULE
631 : RESSTATE            
631 :                     i);p(i);p(i);p(i);p(i);p(     E)M;N};S$           
632 : TNS_NORULECHAIN/NS_NORULE
632 : RESSTATE            
632 :                     (i);p(i);p(i);p(i);p(i);p     E;N};S$             
633 : E->(E)              (i);p(i);p(i);p(i);p(i);p     E;N};S$             
633 : SAVESTATE:          64
633 :                     (i);p(i);p(i);p(i);p(i);p     (E);N};S$           
634 :                     i);p(i);p(i);p(i);p(i);p(     E);N};S$            
635 : E->i(W)M            i);p(i);p(i);p(i);p(i);p(     E);N};S$            
635 : SAVESTATE:          65
635 :                     i);p(i);p(i);p(i);p(i);p(     i(W)M);N};S$        
636 :                     );p(i);p(i);p(i);p(i);p(l     (W)M);N};S$         
637 : TS_NOK / NS_NORULECHAIN
637 : RESSTATE            
637 :                     i);p(i);p(i);p(i);p(i);p(     E);N};S$            
638 : E->i(W)             i);p(i);p(i);p(i);p(i);p(     E);N};S$            
638 : SAVESTATE:          65
638 :                     i);p(i);p(i);p(i);p(i);p(     i(W));N};S$         
639 :                     );p(i);p(i);p(i);p(i);p(l     (W));N};S$          
640 : TS_NOK / NS_NORULECHAIN
640 : RESSTATE            
640 :                     i);p(i);p(i);p(i);p(i);p(     E);N};S$            
641 : E->iM               i);p(i);p(i);p(i);p(i);p(     E);N};S$            
641 : SAVESTATE:          65
641 :                     i);p(i);p(i);p(i);p(i);p(     iM);N};S$           
642 :                     );p(i);p(i);p(i);p(i);p(l     M);N};S$            
643 : TNS_NORULECHAIN/NS_NORULE
643 : RESSTATE            
643 :                     i);p(i);p(i);p(i);p(i);p(     E);N};S$            
644 : E->i                i);p(i);p(i);p(i);p(i);p(     E);N};S$            
644 : SAVESTATE:          65
644 :                     i);p(i);p(i);p(i);p(i);p(     i);N};S$            
645 :                     );p(i);p(i);p(i);p(i);p(l     );N};S$             
646 :                     ;p(i);p(i);p(i);p(i);p(l)     ;N};S$              
647 :                     p(i);p(i);p(i);p(i);p(l);     N};S$               
648 : N->pE;N             p(i);p(i);p(i);p(i);p(l);     N};S$               
648 : SAVESTATE:          66
648 :                     p(i);p(i);p(i);p(i);p(l);     pE;N};S$            
649 :                     (i);p(i);p(i);p(i);p(l);d     E;N};S$             
650 : E->(E)M             (i);p(i);p(i);p(i);p(l);d     E;N};S$             
650 : SAVESTATE:          67
650 :                     (i);p(i);p(i);p(i);p(l);d     (E)M;N};S$          
651 :                     i);p(i);p(i);p(i);p(l);dt     E)M;N};S$           
652 : E->i(W)M            i);p(i);p(i);p(i);p(l);dt     E)M;N};S$           
652 : SAVESTATE:          68
652 :                     i);p(i);p(i);p(i);p(l);dt     i(W)M)M;N};S$       
653 :                     );p(i);p(i);p(i);p(l);dti     (W)M)M;N};S$        
654 : TS_NOK / NS_NORULECHAIN
654 : RESSTATE            
654 :                     i);p(i);p(i);p(i);p(l);dt     E)M;N};S$           
655 : E->i(W)             i);p(i);p(i);p(i);p(l);dt     E)M;N};S$           
655 : SAVESTATE:          68
655 :                     i);p(i);p(i);p(i);p(l);dt     i(W))M;N};S$        
656 :                     );p(i);p(i);p(i);p(l);dti     (W))M;N};S$         
657 : TS_NOK / NS_NORULECHAIN
657 : RESSTATE            
657 :                     i);p(i);p(i);p(i);p(l);dt     E)M;N};S$           
658 : E->iM               i);p(i);p(i);p(i);p(l);dt     E)M;N};S$           
658 : SAVESTATE:          68
658 :                     i);p(i);p(i);p(i);p(l);dt     iM)M;N};S$          
659 :                     );p(i);p(i);p(i);p(l);dti     M)M;N};S$           
660 : TNS_NORULECHAIN/NS_NORULE
660 : RESSTATE            
660 :                     i);p(i);p(i);p(i);p(l);dt     E)M;N};S$           
661 : E->i                i);p(i);p(i);p(i);p(l);dt     E)M;N};S$           
661 : SAVESTATE:          68
661 :                     i);p(i);p(i);p(i);p(l);dt     i)M;N};S$           
662 :                     );p(i);p(i);p(i);p(l);dti     )M;N};S$            
663 :                     ;p(i);p(i);p(i);p(l);dti=     M;N};S$             
664 : TNS_NORULECHAIN/NS_NORULE
664 : RESSTATE            
664 :                     i);p(i);p(i);p(i);p(l);dt     E)M;N};S$           
665 : TNS_NORULECHAIN/NS_NORULE
665 : RESSTATE            
665 :                     (i);p(i);p(i);p(i);p(l);d     E;N};S$             
666 : E->(E)              (i);p(i);p(i);p(i);p(l);d     E;N};S$             
666 : SAVESTATE:          67
666 :                     (i);p(i);p(i);p(i);p(l);d     (E);N};S$           
667 :                     i);p(i);p(i);p(i);p(l);dt     E);N};S$            
668 : E->i(W)M            i);p(i);p(i);p(i);p(l);dt     E);N};S$            
668 : SAVESTATE:          68
668 :                     i);p(i);p(i);p(i);p(l);dt     i(W)M);N};S$        
669 :                     );p(i);p(i);p(i);p(l);dti     (W)M);N};S$         
670 : TS_NOK / NS_NORULECHAIN
670 : RESSTATE            
670 :                     i);p(i);p(i);p(i);p(l);dt     E);N};S$            
671 : E->i(W)             i);p(i);p(i);p(i);p(l);dt     E);N};S$            
671 : SAVESTATE:          68
671 :                     i);p(i);p(i);p(i);p(l);dt     i(W));N};S$         
672 :                     );p(i);p(i);p(i);p(l);dti     (W));N};S$          
673 : TS_NOK / NS_NORULECHAIN
673 : RESSTATE            
673 :                     i);p(i);p(i);p(i);p(l);dt     E);N};S$            
674 : E->iM               i);p(i);p(i);p(i);p(l);dt     E);N};S$            
674 : SAVESTATE:          68
674 :                     i);p(i);p(i);p(i);p(l);dt     iM);N};S$           
675 :                     );p(i);p(i);p(i);p(l);dti     M);N};S$            
676 : TNS_NORULECHAIN/NS_NORULE
676 : RESSTATE            
676 :                     i);p(i);p(i);p(i);p(l);dt     E);N};S$            
677 : E->i                i);p(i);p(i);p(i);p(l);dt     E);N};S$            
677 : SAVESTATE:          68
677 :                     i);p(i);p(i);p(i);p(l);dt     i);N};S$            
678 :                     );p(i);p(i);p(i);p(l);dti     );N};S$             
679 :                     ;p(i);p(i);p(i);p(l);dti=     ;N};S$              
680 :                     p(i);p(i);p(i);p(l);dti=l     N};S$               
681 : N->pE;N             p(i);p(i);p(i);p(l);dti=l     N};S$               
681 : SAVESTATE:          69
681 :                     p(i);p(i);p(i);p(l);dti=l     pE;N};S$            
682 :                     (i);p(i);p(i);p(l);dti=l;     E;N};S$             
683 : E->(E)M             (i);p(i);p(i);p(l);dti=l;     E;N};S$             
683 : SAVESTATE:          70
683 :                     (i);p(i);p(i);p(l);dti=l;     (E)M;N};S$          
684 :                     i);p(i);p(i);p(l);dti=l;d     E)M;N};S$           
685 : E->i(W)M            i);p(i);p(i);p(l);dti=l;d     E)M;N};S$           
685 : SAVESTATE:          71
685 :                     i);p(i);p(i);p(l);dti=l;d     i(W)M)M;N};S$       
686 :                     );p(i);p(i);p(l);dti=l;dt     (W)M)M;N};S$        
687 : TS_NOK / NS_NORULECHAIN
687 : RESSTATE            
687 :                     i);p(i);p(i);p(l);dti=l;d     E)M;N};S$           
688 : E->i(W)             i);p(i);p(i);p(l);dti=l;d     E)M;N};S$           
688 : SAVESTATE:          71
688 :                     i);p(i);p(i);p(l);dti=l;d     i(W))M;N};S$        
689 :                     );p(i);p(i);p(l);dti=l;dt     (W))M;N};S$         
690 : TS_NOK / NS_NORULECHAIN
690 : RESSTATE            
690 :                     i);p(i);p(i);p(l);dti=l;d     E)M;N};S$           
691 : E->iM               i);p(i);p(i);p(l);dti=l;d     E)M;N};S$           
691 : SAVESTATE:          71
691 :                     i);p(i);p(i);p(l);dti=l;d     iM)M;N};S$          
692 :                     );p(i);p(i);p(l);dti=l;dt     M)M;N};S$           
693 : TNS_NORULECHAIN/NS_NORULE
693 : RESSTATE            
693 :                     i);p(i);p(i);p(l);dti=l;d     E)M;N};S$           
694 : E->i                i);p(i);p(i);p(l);dti=l;d     E)M;N};S$           
694 : SAVESTATE:          71
694 :                     i);p(i);p(i);p(l);dti=l;d     i)M;N};S$           
695 :                     );p(i);p(i);p(l);dti=l;dt     )M;N};S$            
696 :                     ;p(i);p(i);p(l);dti=l;dti     M;N};S$             
697 : TNS_NORULECHAIN/NS_NORULE
697 : RESSTATE            
697 :                     i);p(i);p(i);p(l);dti=l;d     E)M;N};S$           
698 : TNS_NORULECHAIN/NS_NORULE
698 : RESSTATE            
698 :                     (i);p(i);p(i);p(l);dti=l;     E;N};S$             
699 : E->(E)              (i);p(i);p(i);p(l);dti=l;     E;N};S$             
699 : SAVESTATE:          70
699 :                     (i);p(i);p(i);p(l);dti=l;     (E);N};S$           
700 :                     i);p(i);p(i);p(l);dti=l;d     E);N};S$            
701 : E->i(W)M            i);p(i);p(i);p(l);dti=l;d     E);N};S$            
701 : SAVESTATE:          71
701 :                     i);p(i);p(i);p(l);dti=l;d     i(W)M);N};S$        
702 :                     );p(i);p(i);p(l);dti=l;dt     (W)M);N};S$         
703 : TS_NOK / NS_NORULECHAIN
703 : RESSTATE            
703 :                     i);p(i);p(i);p(l);dti=l;d     E);N};S$            
704 : E->i(W)             i);p(i);p(i);p(l);dti=l;d     E);N};S$            
704 : SAVESTATE:          71
704 :                     i);p(i);p(i);p(l);dti=l;d     i(W));N};S$         
705 :                     );p(i);p(i);p(l);dti=l;dt     (W));N};S$          
706 : TS_NOK / NS_NORULECHAIN
706 : RESSTATE            
706 :                     i);p(i);p(i);p(l);dti=l;d     E);N};S$            
707 : E->iM               i);p(i);p(i);p(l);dti=l;d     E);N};S$            
707 : SAVESTATE:          71
707 :                     i);p(i);p(i);p(l);dti=l;d     iM);N};S$           
708 :                     );p(i);p(i);p(l);dti=l;dt     M);N};S$            
709 : TNS_NORULECHAIN/NS_NORULE
709 : RESSTATE            
709 :                     i);p(i);p(i);p(l);dti=l;d     E);N};S$            
710 : E->i                i);p(i);p(i);p(l);dti=l;d     E);N};S$            
710 : SAVESTATE:          71
710 :                     i);p(i);p(i);p(l);dti=l;d     i);N};S$            
711 :                     );p(i);p(i);p(l);dti=l;dt     );N};S$             
712 :                     ;p(i);p(i);p(l);dti=l;dti     ;N};S$              
713 :                     p(i);p(i);p(l);dti=l;dti=     N};S$               
714 : N->pE;N             p(i);p(i);p(l);dti=l;dti=     N};S$               
714 : SAVESTATE:          72
714 :                     p(i);p(i);p(l);dti=l;dti=     pE;N};S$            
715 :                     (i);p(i);p(l);dti=l;dti=l     E;N};S$             
716 : E->(E)M             (i);p(i);p(l);dti=l;dti=l     E;N};S$             
716 : SAVESTATE:          73
716 :                     (i);p(i);p(l);dti=l;dti=l     (E)M;N};S$          
717 :                     i);p(i);p(l);dti=l;dti=l;     E)M;N};S$           
718 : E->i(W)M            i);p(i);p(l);dti=l;dti=l;     E)M;N};S$           
718 : SAVESTATE:          74
718 :                     i);p(i);p(l);dti=l;dti=l;     i(W)M)M;N};S$       
719 :                     );p(i);p(l);dti=l;dti=l;d     (W)M)M;N};S$        
720 : TS_NOK / NS_NORULECHAIN
720 : RESSTATE            
720 :                     i);p(i);p(l);dti=l;dti=l;     E)M;N};S$           
721 : E->i(W)             i);p(i);p(l);dti=l;dti=l;     E)M;N};S$           
721 : SAVESTATE:          74
721 :                     i);p(i);p(l);dti=l;dti=l;     i(W))M;N};S$        
722 :                     );p(i);p(l);dti=l;dti=l;d     (W))M;N};S$         
723 : TS_NOK / NS_NORULECHAIN
723 : RESSTATE            
723 :                     i);p(i);p(l);dti=l;dti=l;     E)M;N};S$           
724 : E->iM               i);p(i);p(l);dti=l;dti=l;     E)M;N};S$           
724 : SAVESTATE:          74
724 :                     i);p(i);p(l);dti=l;dti=l;     iM)M;N};S$          
725 :                     );p(i);p(l);dti=l;dti=l;d     M)M;N};S$           
726 : TNS_NORULECHAIN/NS_NORULE
726 : RESSTATE            
726 :                     i);p(i);p(l);dti=l;dti=l;     E)M;N};S$           
727 : E->i                i);p(i);p(l);dti=l;dti=l;     E)M;N};S$           
727 : SAVESTATE:          74
727 :                     i);p(i);p(l);dti=l;dti=l;     i)M;N};S$           
728 :                     );p(i);p(l);dti=l;dti=l;d     )M;N};S$            
729 :                     ;p(i);p(l);dti=l;dti=l;dt     M;N};S$             
730 : TNS_NORULECHAIN/NS_NORULE
730 : RESSTATE            
730 :                     i);p(i);p(l);dti=l;dti=l;     E)M;N};S$           
731 : TNS_NORULECHAIN/NS_NORULE
731 : RESSTATE            
731 :                     (i);p(i);p(l);dti=l;dti=l     E;N};S$             
732 : E->(E)              (i);p(i);p(l);dti=l;dti=l     E;N};S$             
732 : SAVESTATE:          73
732 :                     (i);p(i);p(l);dti=l;dti=l     (E);N};S$           
733 :                     i);p(i);p(l);dti=l;dti=l;     E);N};S$            
734 : E->i(W)M            i);p(i);p(l);dti=l;dti=l;     E);N};S$            
734 : SAVESTATE:          74
734 :                     i);p(i);p(l);dti=l;dti=l;     i(W)M);N};S$        
735 :                     );p(i);p(l);dti=l;dti=l;d     (W)M);N};S$         
736 : TS_NOK / NS_NORULECHAIN
736 : RESSTATE            
736 :                     i);p(i);p(l);dti=l;dti=l;     E);N};S$            
737 : E->i(W)             i);p(i);p(l);dti=l;dti=l;     E);N};S$            
737 : SAVESTATE:          74
737 :                     i);p(i);p(l);dti=l;dti=l;     i(W));N};S$         
738 :                     );p(i);p(l);dti=l;dti=l;d     (W));N};S$          
739 : TS_NOK / NS_NORULECHAIN
739 : RESSTATE            
739 :                     i);p(i);p(l);dti=l;dti=l;     E);N};S$            
740 : E->iM               i);p(i);p(l);dti=l;dti=l;     E);N};S$            
740 : SAVESTATE:          74
740 :                     i);p(i);p(l);dti=l;dti=l;     iM);N};S$           
741 :                     );p(i);p(l);dti=l;dti=l;d     M);N};S$            
742 : TNS_NORULECHAIN/NS_NORULE
742 : RESSTATE            
742 :                     i);p(i);p(l);dti=l;dti=l;     E);N};S$            
743 : E->i                i);p(i);p(l);dti=l;dti=l;     E);N};S$            
743 : SAVESTATE:          74
743 :                     i);p(i);p(l);dti=l;dti=l;     i);N};S$            
744 :                     );p(i);p(l);dti=l;dti=l;d     );N};S$             
745 :                     ;p(i);p(l);dti=l;dti=l;dt     ;N};S$              
746 :                     p(i);p(l);dti=l;dti=l;dti     N};S$               
747 : N->pE;N             p(i);p(l);dti=l;dti=l;dti     N};S$               
747 : SAVESTATE:          75
747 :                     p(i);p(l);dti=l;dti=l;dti     pE;N};S$            
748 :                     (i);p(l);dti=l;dti=l;dti=     E;N};S$             
749 : E->(E)M             (i);p(l);dti=l;dti=l;dti=     E;N};S$             
749 : SAVESTATE:          76
749 :                     (i);p(l);dti=l;dti=l;dti=     (E)M;N};S$          
750 :                     i);p(l);dti=l;dti=l;dti=C     E)M;N};S$           
751 : E->i(W)M            i);p(l);dti=l;dti=l;dti=C     E)M;N};S$           
751 : SAVESTATE:          77
751 :                     i);p(l);dti=l;dti=l;dti=C     i(W)M)M;N};S$       
752 :                     );p(l);dti=l;dti=l;dti=C(     (W)M)M;N};S$        
753 : TS_NOK / NS_NORULECHAIN
753 : RESSTATE            
753 :                     i);p(l);dti=l;dti=l;dti=C     E)M;N};S$           
754 : E->i(W)             i);p(l);dti=l;dti=l;dti=C     E)M;N};S$           
754 : SAVESTATE:          77
754 :                     i);p(l);dti=l;dti=l;dti=C     i(W))M;N};S$        
755 :                     );p(l);dti=l;dti=l;dti=C(     (W))M;N};S$         
756 : TS_NOK / NS_NORULECHAIN
756 : RESSTATE            
756 :                     i);p(l);dti=l;dti=l;dti=C     E)M;N};S$           
757 : E->iM               i);p(l);dti=l;dti=l;dti=C     E)M;N};S$           
757 : SAVESTATE:          77
757 :                     i);p(l);dti=l;dti=l;dti=C     iM)M;N};S$          
758 :                     );p(l);dti=l;dti=l;dti=C(     M)M;N};S$           
759 : TNS_NORULECHAIN/NS_NORULE
759 : RESSTATE            
759 :                     i);p(l);dti=l;dti=l;dti=C     E)M;N};S$           
760 : E->i                i);p(l);dti=l;dti=l;dti=C     E)M;N};S$           
760 : SAVESTATE:          77
760 :                     i);p(l);dti=l;dti=l;dti=C     i)M;N};S$           
761 :                     );p(l);dti=l;dti=l;dti=C(     )M;N};S$            
762 :                     ;p(l);dti=l;dti=l;dti=C(i     M;N};S$             
763 : TNS_NORULECHAIN/NS_NORULE
763 : RESSTATE            
763 :                     i);p(l);dti=l;dti=l;dti=C     E)M;N};S$           
764 : TNS_NORULECHAIN/NS_NORULE
764 : RESSTATE            
764 :                     (i);p(l);dti=l;dti=l;dti=     E;N};S$             
765 : E->(E)              (i);p(l);dti=l;dti=l;dti=     E;N};S$             
765 : SAVESTATE:          76
765 :                     (i);p(l);dti=l;dti=l;dti=     (E);N};S$           
766 :                     i);p(l);dti=l;dti=l;dti=C     E);N};S$            
767 : E->i(W)M            i);p(l);dti=l;dti=l;dti=C     E);N};S$            
767 : SAVESTATE:          77
767 :                     i);p(l);dti=l;dti=l;dti=C     i(W)M);N};S$        
768 :                     );p(l);dti=l;dti=l;dti=C(     (W)M);N};S$         
769 : TS_NOK / NS_NORULECHAIN
769 : RESSTATE            
769 :                     i);p(l);dti=l;dti=l;dti=C     E);N};S$            
770 : E->i(W)             i);p(l);dti=l;dti=l;dti=C     E);N};S$            
770 : SAVESTATE:          77
770 :                     i);p(l);dti=l;dti=l;dti=C     i(W));N};S$         
771 :                     );p(l);dti=l;dti=l;dti=C(     (W));N};S$          
772 : TS_NOK / NS_NORULECHAIN
772 : RESSTATE            
772 :                     i);p(l);dti=l;dti=l;dti=C     E);N};S$            
773 : E->iM               i);p(l);dti=l;dti=l;dti=C     E);N};S$            
773 : SAVESTATE:          77
773 :                     i);p(l);dti=l;dti=l;dti=C     iM);N};S$           
774 :                     );p(l);dti=l;dti=l;dti=C(     M);N};S$            
775 : TNS_NORULECHAIN/NS_NORULE
775 : RESSTATE            
775 :                     i);p(l);dti=l;dti=l;dti=C     E);N};S$            
776 : E->i                i);p(l);dti=l;dti=l;dti=C     E);N};S$            
776 : SAVESTATE:          77
776 :                     i);p(l);dti=l;dti=l;dti=C     i);N};S$            
777 :                     );p(l);dti=l;dti=l;dti=C(     );N};S$             
778 :                     ;p(l);dti=l;dti=l;dti=C(i     ;N};S$              
779 :                     p(l);dti=l;dti=l;dti=C(i,     N};S$               
780 : N->pE;N             p(l);dti=l;dti=l;dti=C(i,     N};S$               
780 : SAVESTATE:          78
780 :                     p(l);dti=l;dti=l;dti=C(i,     pE;N};S$            
781 :                     (l);dti=l;dti=l;dti=C(i,i     E;N};S$             
782 : E->(E)M             (l);dti=l;dti=l;dti=C(i,i     E;N};S$             
782 : SAVESTATE:          79
782 :                     (l);dti=l;dti=l;dti=C(i,i     (E)M;N};S$          
783 :                     l);dti=l;dti=l;dti=C(i,i)     E)M;N};S$           
784 : E->lM               l);dti=l;dti=l;dti=C(i,i)     E)M;N};S$           
784 : SAVESTATE:          80
784 :                     l);dti=l;dti=l;dti=C(i,i)     lM)M;N};S$          
785 :                     );dti=l;dti=l;dti=C(i,i);     M)M;N};S$           
786 : TNS_NORULECHAIN/NS_NORULE
786 : RESSTATE            
786 :                     l);dti=l;dti=l;dti=C(i,i)     E)M;N};S$           
787 : E->l                l);dti=l;dti=l;dti=C(i,i)     E)M;N};S$           
787 : SAVESTATE:          80
787 :                     l);dti=l;dti=l;dti=C(i,i)     l)M;N};S$           
788 :                     );dti=l;dti=l;dti=C(i,i);     )M;N};S$            
789 :                     ;dti=l;dti=l;dti=C(i,i);p     M;N};S$             
790 : TNS_NORULECHAIN/NS_NORULE
790 : RESSTATE            
790 :                     l);dti=l;dti=l;dti=C(i,i)     E)M;N};S$           
791 : TNS_NORULECHAIN/NS_NORULE
791 : RESSTATE            
791 :                     (l);dti=l;dti=l;dti=C(i,i     E;N};S$             
792 : E->(E)              (l);dti=l;dti=l;dti=C(i,i     E;N};S$             
792 : SAVESTATE:          79
792 :                     (l);dti=l;dti=l;dti=C(i,i     (E);N};S$           
793 :                     l);dti=l;dti=l;dti=C(i,i)     E);N};S$            
794 : E->lM               l);dti=l;dti=l;dti=C(i,i)     E);N};S$            
794 : SAVESTATE:          80
794 :                     l);dti=l;dti=l;dti=C(i,i)     lM);N};S$           
795 :                     );dti=l;dti=l;dti=C(i,i);     M);N};S$            
796 : TNS_NORULECHAIN/NS_NORULE
796 : RESSTATE            
796 :                     l);dti=l;dti=l;dti=C(i,i)     E);N};S$            
797 : E->l                l);dti=l;dti=l;dti=C(i,i)     E);N};S$            
797 : SAVESTATE:          80
797 :                     l);dti=l;dti=l;dti=C(i,i)     l);N};S$            
798 :                     );dti=l;dti=l;dti=C(i,i);     );N};S$             
799 :                     ;dti=l;dti=l;dti=C(i,i);p     ;N};S$              
800 :                     dti=l;dti=l;dti=C(i,i);p(     N};S$               
801 : N->dti=E;N          dti=l;dti=l;dti=C(i,i);p(     N};S$               
801 : SAVESTATE:          81
801 :                     dti=l;dti=l;dti=C(i,i);p(     dti=E;N};S$         
802 :                     ti=l;dti=l;dti=C(i,i);p(i     ti=E;N};S$          
803 :                     i=l;dti=l;dti=C(i,i);p(i)     i=E;N};S$           
804 :                     =l;dti=l;dti=C(i,i);p(i);     =E;N};S$            
805 :                     l;dti=l;dti=C(i,i);p(i);p     E;N};S$             
806 : E->lM               l;dti=l;dti=C(i,i);p(i);p     E;N};S$             
806 : SAVESTATE:          82
806 :                     l;dti=l;dti=C(i,i);p(i);p     lM;N};S$            
807 :                     ;dti=l;dti=C(i,i);p(i);p(     M;N};S$             
808 : TNS_NORULECHAIN/NS_NORULE
808 : RESSTATE            
808 :                     l;dti=l;dti=C(i,i);p(i);p     E;N};S$             
809 : E->l                l;dti=l;dti=C(i,i);p(i);p     E;N};S$             
809 : SAVESTATE:          82
809 :                     l;dti=l;dti=C(i,i);p(i);p     l;N};S$             
810 :                     ;dti=l;dti=C(i,i);p(i);p(     ;N};S$              
811 :                     dti=l;dti=C(i,i);p(i);p(l     N};S$               
812 : N->dti=E;N          dti=l;dti=C(i,i);p(i);p(l     N};S$               
812 : SAVESTATE:          83
812 :                     dti=l;dti=C(i,i);p(i);p(l     dti=E;N};S$         
813 :                     ti=l;dti=C(i,i);p(i);p(l)     ti=E;N};S$          
814 :                     i=l;dti=C(i,i);p(i);p(l);     i=E;N};S$           
815 :                     =l;dti=C(i,i);p(i);p(l);d     =E;N};S$            
816 :                     l;dti=C(i,i);p(i);p(l);dt     E;N};S$             
817 : E->lM               l;dti=C(i,i);p(i);p(l);dt     E;N};S$             
817 : SAVESTATE:          84
817 :                     l;dti=C(i,i);p(i);p(l);dt     lM;N};S$            
818 :                     ;dti=C(i,i);p(i);p(l);dti     M;N};S$             
819 : TNS_NORULECHAIN/NS_NORULE
819 : RESSTATE            
819 :                     l;dti=C(i,i);p(i);p(l);dt     E;N};S$             
820 : E->l                l;dti=C(i,i);p(i);p(l);dt     E;N};S$             
820 : SAVESTATE:          84
820 :                     l;dti=C(i,i);p(i);p(l);dt     l;N};S$             
821 :                     ;dti=C(i,i);p(i);p(l);dti     ;N};S$              
822 :                     dti=C(i,i);p(i);p(l);dti=     N};S$               
823 : N->dti=E;N          dti=C(i,i);p(i);p(l);dti=     N};S$               
823 : SAVESTATE:          85
823 :                     dti=C(i,i);p(i);p(l);dti=     dti=E;N};S$         
824 :                     ti=C(i,i);p(i);p(l);dti=l     ti=E;N};S$          
825 :                     i=C(i,i);p(i);p(l);dti=l;     i=E;N};S$           
826 :                     =C(i,i);p(i);p(l);dti=l;d     =E;N};S$            
827 :                     C(i,i);p(i);p(l);dti=l;dt     E;N};S$             
828 : E->C(W)M            C(i,i);p(i);p(l);dti=l;dt     E;N};S$             
828 : SAVESTATE:          86
828 :                     C(i,i);p(i);p(l);dti=l;dt     C(W)M;N};S$         
829 :                     (i,i);p(i);p(l);dti=l;dti     (W)M;N};S$          
830 :                     i,i);p(i);p(l);dti=l;dti=     W)M;N};S$           
831 : W->i,W              i,i);p(i);p(l);dti=l;dti=     W)M;N};S$           
831 : SAVESTATE:          87
831 :                     i,i);p(i);p(l);dti=l;dti=     i,W)M;N};S$         
832 :                     ,i);p(i);p(l);dti=l;dti=T     ,W)M;N};S$          
833 :                     i);p(i);p(l);dti=l;dti=T(     W)M;N};S$           
834 : W->i,W              i);p(i);p(l);dti=l;dti=T(     W)M;N};S$           
834 : SAVESTATE:          88
834 :                     i);p(i);p(l);dti=l;dti=T(     i,W)M;N};S$         
835 :                     );p(i);p(l);dti=l;dti=T(i     ,W)M;N};S$          
836 : TS_NOK / NS_NORULECHAIN
836 : RESSTATE            
836 :                     i);p(i);p(l);dti=l;dti=T(     W)M;N};S$           
837 : W->i                i);p(i);p(l);dti=l;dti=T(     W)M;N};S$           
837 : SAVESTATE:          88
837 :                     i);p(i);p(l);dti=l;dti=T(     i)M;N};S$           
838 :                     );p(i);p(l);dti=l;dti=T(i     )M;N};S$            
839 :                     ;p(i);p(l);dti=l;dti=T(i)     M;N};S$             
840 : TNS_NORULECHAIN/NS_NORULE
840 : RESSTATE            
840 :                     i);p(i);p(l);dti=l;dti=T(     W)M;N};S$           
841 : TNS_NORULECHAIN/NS_NORULE
841 : RESSTATE            
841 :                     i,i);p(i);p(l);dti=l;dti=     W)M;N};S$           
842 : W->i                i,i);p(i);p(l);dti=l;dti=     W)M;N};S$           
842 : SAVESTATE:          87
842 :                     i,i);p(i);p(l);dti=l;dti=     i)M;N};S$           
843 :                     ,i);p(i);p(l);dti=l;dti=T     )M;N};S$            
844 : TS_NOK / NS_NORULECHAIN
844 : RESSTATE            
844 :                     i,i);p(i);p(l);dti=l;dti=     W)M;N};S$           
845 : TNS_NORULECHAIN/NS_NORULE
845 : RESSTATE            
845 :                     C(i,i);p(i);p(l);dti=l;dt     E;N};S$             
846 : E->C(W)             C(i,i);p(i);p(l);dti=l;dt     E;N};S$             
846 : SAVESTATE:          86
846 :                     C(i,i);p(i);p(l);dti=l;dt     C(W);N};S$          
847 :                     (i,i);p(i);p(l);dti=l;dti     (W);N};S$           
848 :                     i,i);p(i);p(l);dti=l;dti=     W);N};S$            
849 : W->i,W              i,i);p(i);p(l);dti=l;dti=     W);N};S$            
849 : SAVESTATE:          87
849 :                     i,i);p(i);p(l);dti=l;dti=     i,W);N};S$          
850 :                     ,i);p(i);p(l);dti=l;dti=T     ,W);N};S$           
851 :                     i);p(i);p(l);dti=l;dti=T(     W);N};S$            
852 : W->i,W              i);p(i);p(l);dti=l;dti=T(     W);N};S$            
852 : SAVESTATE:          88
852 :                     i);p(i);p(l);dti=l;dti=T(     i,W);N};S$          
853 :                     );p(i);p(l);dti=l;dti=T(i     ,W);N};S$           
854 : TS_NOK / NS_NORULECHAIN
854 : RESSTATE            
854 :                     i);p(i);p(l);dti=l;dti=T(     W);N};S$            
855 : W->i                i);p(i);p(l);dti=l;dti=T(     W);N};S$            
855 : SAVESTATE:          88
855 :                     i);p(i);p(l);dti=l;dti=T(     i);N};S$            
856 :                     );p(i);p(l);dti=l;dti=T(i     );N};S$             
857 :                     ;p(i);p(l);dti=l;dti=T(i)     ;N};S$              
858 :                     p(i);p(l);dti=l;dti=T(i);     N};S$               
859 : N->pE;N             p(i);p(l);dti=l;dti=T(i);     N};S$               
859 : SAVESTATE:          89
859 :                     p(i);p(l);dti=l;dti=T(i);     pE;N};S$            
860 :                     (i);p(l);dti=l;dti=T(i);p     E;N};S$             
861 : E->(E)M             (i);p(l);dti=l;dti=T(i);p     E;N};S$             
861 : SAVESTATE:          90
861 :                     (i);p(l);dti=l;dti=T(i);p     (E)M;N};S$          
862 :                     i);p(l);dti=l;dti=T(i);p(     E)M;N};S$           
863 : E->i(W)M            i);p(l);dti=l;dti=T(i);p(     E)M;N};S$           
863 : SAVESTATE:          91
863 :                     i);p(l);dti=l;dti=T(i);p(     i(W)M)M;N};S$       
864 :                     );p(l);dti=l;dti=T(i);p(i     (W)M)M;N};S$        
865 : TS_NOK / NS_NORULECHAIN
865 : RESSTATE            
865 :                     i);p(l);dti=l;dti=T(i);p(     E)M;N};S$           
866 : E->i(W)             i);p(l);dti=l;dti=T(i);p(     E)M;N};S$           
866 : SAVESTATE:          91
866 :                     i);p(l);dti=l;dti=T(i);p(     i(W))M;N};S$        
867 :                     );p(l);dti=l;dti=T(i);p(i     (W))M;N};S$         
868 : TS_NOK / NS_NORULECHAIN
868 : RESSTATE            
868 :                     i);p(l);dti=l;dti=T(i);p(     E)M;N};S$           
869 : E->iM               i);p(l);dti=l;dti=T(i);p(     E)M;N};S$           
869 : SAVESTATE:          91
869 :                     i);p(l);dti=l;dti=T(i);p(     iM)M;N};S$          
870 :                     );p(l);dti=l;dti=T(i);p(i     M)M;N};S$           
871 : TNS_NORULECHAIN/NS_NORULE
871 : RESSTATE            
871 :                     i);p(l);dti=l;dti=T(i);p(     E)M;N};S$           
872 : E->i                i);p(l);dti=l;dti=T(i);p(     E)M;N};S$           
872 : SAVESTATE:          91
872 :                     i);p(l);dti=l;dti=T(i);p(     i)M;N};S$           
873 :                     );p(l);dti=l;dti=T(i);p(i     )M;N};S$            
874 :                     ;p(l);dti=l;dti=T(i);p(i)     M;N};S$             
875 : TNS_NORULECHAIN/NS_NORULE
875 : RESSTATE            
875 :                     i);p(l);dti=l;dti=T(i);p(     E)M;N};S$           
876 : TNS_NORULECHAIN/NS_NORULE
876 : RESSTATE            
876 :                     (i);p(l);dti=l;dti=T(i);p     E;N};S$             
877 : E->(E)              (i);p(l);dti=l;dti=T(i);p     E;N};S$             
877 : SAVESTATE:          90
877 :                     (i);p(l);dti=l;dti=T(i);p     (E);N};S$           
878 :                     i);p(l);dti=l;dti=T(i);p(     E);N};S$            
879 : E->i(W)M            i);p(l);dti=l;dti=T(i);p(     E);N};S$            
879 : SAVESTATE:          91
879 :                     i);p(l);dti=l;dti=T(i);p(     i(W)M);N};S$        
880 :                     );p(l);dti=l;dti=T(i);p(i     (W)M);N};S$         
881 : TS_NOK / NS_NORULECHAIN
881 : RESSTATE            
881 :                     i);p(l);dti=l;dti=T(i);p(     E);N};S$            
882 : E->i(W)             i);p(l);dti=l;dti=T(i);p(     E);N};S$            
882 : SAVESTATE:          91
882 :                     i);p(l);dti=l;dti=T(i);p(     i(W));N};S$         
883 :                     );p(l);dti=l;dti=T(i);p(i     (W));N};S$          
884 : TS_NOK / NS_NORULECHAIN
884 : RESSTATE            
884 :                     i);p(l);dti=l;dti=T(i);p(     E);N};S$            
885 : E->iM               i);p(l);dti=l;dti=T(i);p(     E);N};S$            
885 : SAVESTATE:          91
885 :                     i);p(l);dti=l;dti=T(i);p(     iM);N};S$           
886 :                     );p(l);dti=l;dti=T(i);p(i     M);N};S$            
887 : TNS_NORULECHAIN/NS_NORULE
887 : RESSTATE            
887 :                     i);p(l);dti=l;dti=T(i);p(     E);N};S$            
888 : E->i                i);p(l);dti=l;dti=T(i);p(     E);N};S$            
888 : SAVESTATE:          91
888 :                     i);p(l);dti=l;dti=T(i);p(     i);N};S$            
889 :                     );p(l);dti=l;dti=T(i);p(i     );N};S$             
890 :                     ;p(l);dti=l;dti=T(i);p(i)     ;N};S$              
891 :                     p(l);dti=l;dti=T(i);p(i);     N};S$               
892 : N->pE;N             p(l);dti=l;dti=T(i);p(i);     N};S$               
892 : SAVESTATE:          92
892 :                     p(l);dti=l;dti=T(i);p(i);     pE;N};S$            
893 :                     (l);dti=l;dti=T(i);p(i);p     E;N};S$             
894 : E->(E)M             (l);dti=l;dti=T(i);p(i);p     E;N};S$             
894 : SAVESTATE:          93
894 :                     (l);dti=l;dti=T(i);p(i);p     (E)M;N};S$          
895 :                     l);dti=l;dti=T(i);p(i);p(     E)M;N};S$           
896 : E->lM               l);dti=l;dti=T(i);p(i);p(     E)M;N};S$           
896 : SAVESTATE:          94
896 :                     l);dti=l;dti=T(i);p(i);p(     lM)M;N};S$          
897 :                     );dti=l;dti=T(i);p(i);p(l     M)M;N};S$           
898 : TNS_NORULECHAIN/NS_NORULE
898 : RESSTATE            
898 :                     l);dti=l;dti=T(i);p(i);p(     E)M;N};S$           
899 : E->l                l);dti=l;dti=T(i);p(i);p(     E)M;N};S$           
899 : SAVESTATE:          94
899 :                     l);dti=l;dti=T(i);p(i);p(     l)M;N};S$           
900 :                     );dti=l;dti=T(i);p(i);p(l     )M;N};S$            
901 :                     ;dti=l;dti=T(i);p(i);p(l)     M;N};S$             
902 : TNS_NORULECHAIN/NS_NORULE
902 : RESSTATE            
902 :                     l);dti=l;dti=T(i);p(i);p(     E)M;N};S$           
903 : TNS_NORULECHAIN/NS_NORULE
903 : RESSTATE            
903 :                     (l);dti=l;dti=T(i);p(i);p     E;N};S$             
904 : E->(E)              (l);dti=l;dti=T(i);p(i);p     E;N};S$             
904 : SAVESTATE:          93
904 :                     (l);dti=l;dti=T(i);p(i);p     (E);N};S$           
905 :                     l);dti=l;dti=T(i);p(i);p(     E);N};S$            
906 : E->lM               l);dti=l;dti=T(i);p(i);p(     E);N};S$            
906 : SAVESTATE:          94
906 :                     l);dti=l;dti=T(i);p(i);p(     lM);N};S$           
907 :                     );dti=l;dti=T(i);p(i);p(l     M);N};S$            
908 : TNS_NORULECHAIN/NS_NORULE
908 : RESSTATE            
908 :                     l);dti=l;dti=T(i);p(i);p(     E);N};S$            
909 : E->l                l);dti=l;dti=T(i);p(i);p(     E);N};S$            
909 : SAVESTATE:          94
909 :                     l);dti=l;dti=T(i);p(i);p(     l);N};S$            
910 :                     );dti=l;dti=T(i);p(i);p(l     );N};S$             
911 :                     ;dti=l;dti=T(i);p(i);p(l)     ;N};S$              
912 :                     dti=l;dti=T(i);p(i);p(l);     N};S$               
913 : N->dti=E;N          dti=l;dti=T(i);p(i);p(l);     N};S$               
913 : SAVESTATE:          95
913 :                     dti=l;dti=T(i);p(i);p(l);     dti=E;N};S$         
914 :                     ti=l;dti=T(i);p(i);p(l);d     ti=E;N};S$          
915 :                     i=l;dti=T(i);p(i);p(l);dt     i=E;N};S$           
916 :                     =l;dti=T(i);p(i);p(l);dti     =E;N};S$            
917 :                     l;dti=T(i);p(i);p(l);dti=     E;N};S$             
918 : E->lM               l;dti=T(i);p(i);p(l);dti=     E;N};S$             
918 : SAVESTATE:          96
918 :                     l;dti=T(i);p(i);p(l);dti=     lM;N};S$            
919 :                     ;dti=T(i);p(i);p(l);dti=l     M;N};S$             
920 : TNS_NORULECHAIN/NS_NORULE
920 : RESSTATE            
920 :                     l;dti=T(i);p(i);p(l);dti=     E;N};S$             
921 : E->l                l;dti=T(i);p(i);p(l);dti=     E;N};S$             
921 : SAVESTATE:          96
921 :                     l;dti=T(i);p(i);p(l);dti=     l;N};S$             
922 :                     ;dti=T(i);p(i);p(l);dti=l     ;N};S$              
923 :                     dti=T(i);p(i);p(l);dti=l;     N};S$               
924 : N->dti=E;N          dti=T(i);p(i);p(l);dti=l;     N};S$               
924 : SAVESTATE:          97
924 :                     dti=T(i);p(i);p(l);dti=l;     dti=E;N};S$         
925 :                     ti=T(i);p(i);p(l);dti=l;p     ti=E;N};S$          
926 :                     i=T(i);p(i);p(l);dti=l;p(     i=E;N};S$           
927 :                     =T(i);p(i);p(l);dti=l;p(i     =E;N};S$            
928 :                     T(i);p(i);p(l);dti=l;p(i)     E;N};S$             
929 : E->T(W)M            T(i);p(i);p(l);dti=l;p(i)     E;N};S$             
929 : SAVESTATE:          98
929 :                     T(i);p(i);p(l);dti=l;p(i)     T(W)M;N};S$         
930 :                     (i);p(i);p(l);dti=l;p(i);     (W)M;N};S$          
931 :                     i);p(i);p(l);dti=l;p(i);d     W)M;N};S$           
932 : W->i,W              i);p(i);p(l);dti=l;p(i);d     W)M;N};S$           
932 : SAVESTATE:          99
932 :                     i);p(i);p(l);dti=l;p(i);d     i,W)M;N};S$         
933 :                     );p(i);p(l);dti=l;p(i);dt     ,W)M;N};S$          
934 : TS_NOK / NS_NORULECHAIN
934 : RESSTATE            
934 :                     i);p(i);p(l);dti=l;p(i);d     W)M;N};S$           
935 : W->i                i);p(i);p(l);dti=l;p(i);d     W)M;N};S$           
935 : SAVESTATE:          99
935 :                     i);p(i);p(l);dti=l;p(i);d     i)M;N};S$           
936 :                     );p(i);p(l);dti=l;p(i);dt     )M;N};S$            
937 :                     ;p(i);p(l);dti=l;p(i);dti     M;N};S$             
938 : TNS_NORULECHAIN/NS_NORULE
938 : RESSTATE            
938 :                     i);p(i);p(l);dti=l;p(i);d     W)M;N};S$           
939 : TNS_NORULECHAIN/NS_NORULE
939 : RESSTATE            
939 :                     T(i);p(i);p(l);dti=l;p(i)     E;N};S$             
940 : E->T(W)             T(i);p(i);p(l);dti=l;p(i)     E;N};S$             
940 : SAVESTATE:          98
940 :                     T(i);p(i);p(l);dti=l;p(i)     T(W);N};S$          
941 :                     (i);p(i);p(l);dti=l;p(i);     (W);N};S$           
942 :                     i);p(i);p(l);dti=l;p(i);d     W);N};S$            
943 : W->i,W              i);p(i);p(l);dti=l;p(i);d     W);N};S$            
943 : SAVESTATE:          99
943 :                     i);p(i);p(l);dti=l;p(i);d     i,W);N};S$          
944 :                     );p(i);p(l);dti=l;p(i);dt     ,W);N};S$           
945 : TS_NOK / NS_NORULECHAIN
945 : RESSTATE            
945 :                     i);p(i);p(l);dti=l;p(i);d     W);N};S$            
946 : W->i                i);p(i);p(l);dti=l;p(i);d     W);N};S$            
946 : SAVESTATE:          99
946 :                     i);p(i);p(l);dti=l;p(i);d     i);N};S$            
947 :                     );p(i);p(l);dti=l;p(i);dt     );N};S$             
948 :                     ;p(i);p(l);dti=l;p(i);dti     ;N};S$              
949 :                     p(i);p(l);dti=l;p(i);dti=     N};S$               
950 : N->pE;N             p(i);p(l);dti=l;p(i);dti=     N};S$               
950 : SAVESTATE:          100
950 :                     p(i);p(l);dti=l;p(i);dti=     pE;N};S$            
951 :                     (i);p(l);dti=l;p(i);dti=l     E;N};S$             
952 : E->(E)M             (i);p(l);dti=l;p(i);dti=l     E;N};S$             
952 : SAVESTATE:          101
952 :                     (i);p(l);dti=l;p(i);dti=l     (E)M;N};S$          
953 :                     i);p(l);dti=l;p(i);dti=l;     E)M;N};S$           
954 : E->i(W)M            i);p(l);dti=l;p(i);dti=l;     E)M;N};S$           
954 : SAVESTATE:          102
954 :                     i);p(l);dti=l;p(i);dti=l;     i(W)M)M;N};S$       
955 :                     );p(l);dti=l;p(i);dti=l;d     (W)M)M;N};S$        
956 : TS_NOK / NS_NORULECHAIN
956 : RESSTATE            
956 :                     i);p(l);dti=l;p(i);dti=l;     E)M;N};S$           
957 : E->i(W)             i);p(l);dti=l;p(i);dti=l;     E)M;N};S$           
957 : SAVESTATE:          102
957 :                     i);p(l);dti=l;p(i);dti=l;     i(W))M;N};S$        
958 :                     );p(l);dti=l;p(i);dti=l;d     (W))M;N};S$         
959 : TS_NOK / NS_NORULECHAIN
959 : RESSTATE            
959 :                     i);p(l);dti=l;p(i);dti=l;     E)M;N};S$           
960 : E->iM               i);p(l);dti=l;p(i);dti=l;     E)M;N};S$           
960 : SAVESTATE:          102
960 :                     i);p(l);dti=l;p(i);dti=l;     iM)M;N};S$          
961 :                     );p(l);dti=l;p(i);dti=l;d     M)M;N};S$           
962 : TNS_NORULECHAIN/NS_NORULE
962 : RESSTATE            
962 :                     i);p(l);dti=l;p(i);dti=l;     E)M;N};S$           
963 : E->i                i);p(l);dti=l;p(i);dti=l;     E)M;N};S$           
963 : SAVESTATE:          102
963 :                     i);p(l);dti=l;p(i);dti=l;     i)M;N};S$           
964 :                     );p(l);dti=l;p(i);dti=l;d     )M;N};S$            
965 :                     ;p(l);dti=l;p(i);dti=l;dt     M;N};S$             
966 : TNS_NORULECHAIN/NS_NORULE
966 : RESSTATE            
966 :                     i);p(l);dti=l;p(i);dti=l;     E)M;N};S$           
967 : TNS_NORULECHAIN/NS_NORULE
967 : RESSTATE            
967 :                     (i);p(l);dti=l;p(i);dti=l     E;N};S$             
968 : E->(E)              (i);p(l);dti=l;p(i);dti=l     E;N};S$             
968 : SAVESTATE:          101
968 :                     (i);p(l);dti=l;p(i);dti=l     (E);N};S$           
969 :                     i);p(l);dti=l;p(i);dti=l;     E);N};S$            
970 : E->i(W)M            i);p(l);dti=l;p(i);dti=l;     E);N};S$            
970 : SAVESTATE:          102
970 :                     i);p(l);dti=l;p(i);dti=l;     i(W)M);N};S$        
971 :                     );p(l);dti=l;p(i);dti=l;d     (W)M);N};S$         
972 : TS_NOK / NS_NORULECHAIN
972 : RESSTATE            
972 :                     i);p(l);dti=l;p(i);dti=l;     E);N};S$            
973 : E->i(W)             i);p(l);dti=l;p(i);dti=l;     E);N};S$            
973 : SAVESTATE:          102
973 :                     i);p(l);dti=l;p(i);dti=l;     i(W));N};S$         
974 :                     );p(l);dti=l;p(i);dti=l;d     (W));N};S$          
975 : TS_NOK / NS_NORULECHAIN
975 : RESSTATE            
975 :                     i);p(l);dti=l;p(i);dti=l;     E);N};S$            
976 : E->iM               i);p(l);dti=l;p(i);dti=l;     E);N};S$            
976 : SAVESTATE:          102
976 :                     i);p(l);dti=l;p(i);dti=l;     iM);N};S$           
977 :                     );p(l);dti=l;p(i);dti=l;d     M);N};S$            
978 : TNS_NORULECHAIN/NS_NORULE
978 : RESSTATE            
978 :                     i);p(l);dti=l;p(i);dti=l;     E);N};S$            
979 : E->i                i);p(l);dti=l;p(i);dti=l;     E);N};S$            
979 : SAVESTATE:          102
979 :                     i);p(l);dti=l;p(i);dti=l;     i);N};S$            
980 :                     );p(l);dti=l;p(i);dti=l;d     );N};S$             
981 :                     ;p(l);dti=l;p(i);dti=l;dt     ;N};S$              
982 :                     p(l);dti=l;p(i);dti=l;dti     N};S$               
983 : N->pE;N             p(l);dti=l;p(i);dti=l;dti     N};S$               
983 : SAVESTATE:          103
983 :                     p(l);dti=l;p(i);dti=l;dti     pE;N};S$            
984 :                     (l);dti=l;p(i);dti=l;dti=     E;N};S$             
985 : E->(E)M             (l);dti=l;p(i);dti=l;dti=     E;N};S$             
985 : SAVESTATE:          104
985 :                     (l);dti=l;p(i);dti=l;dti=     (E)M;N};S$          
986 :                     l);dti=l;p(i);dti=l;dti=l     E)M;N};S$           
987 : E->lM               l);dti=l;p(i);dti=l;dti=l     E)M;N};S$           
987 : SAVESTATE:          105
987 :                     l);dti=l;p(i);dti=l;dti=l     lM)M;N};S$          
988 :                     );dti=l;p(i);dti=l;dti=l;     M)M;N};S$           
989 : TNS_NORULECHAIN/NS_NORULE
989 : RESSTATE            
989 :                     l);dti=l;p(i);dti=l;dti=l     E)M;N};S$           
990 : E->l                l);dti=l;p(i);dti=l;dti=l     E)M;N};S$           
990 : SAVESTATE:          105
990 :                     l);dti=l;p(i);dti=l;dti=l     l)M;N};S$           
991 :                     );dti=l;p(i);dti=l;dti=l;     )M;N};S$            
992 :                     ;dti=l;p(i);dti=l;dti=l;p     M;N};S$             
993 : TNS_NORULECHAIN/NS_NORULE
993 : RESSTATE            
993 :                     l);dti=l;p(i);dti=l;dti=l     E)M;N};S$           
994 : TNS_NORULECHAIN/NS_NORULE
994 : RESSTATE            
994 :                     (l);dti=l;p(i);dti=l;dti=     E;N};S$             
995 : E->(E)              (l);dti=l;p(i);dti=l;dti=     E;N};S$             
995 : SAVESTATE:          104
995 :                     (l);dti=l;p(i);dti=l;dti=     (E);N};S$           
996 :                     l);dti=l;p(i);dti=l;dti=l     E);N};S$            
997 : E->lM               l);dti=l;p(i);dti=l;dti=l     E);N};S$            
997 : SAVESTATE:          105
997 :                     l);dti=l;p(i);dti=l;dti=l     lM);N};S$           
998 :                     );dti=l;p(i);dti=l;dti=l;     M);N};S$            
999 : TNS_NORULECHAIN/NS_NORULE
999 : RESSTATE            
999 :                     l);dti=l;p(i);dti=l;dti=l     E);N};S$            
1000: E->l                l);dti=l;p(i);dti=l;dti=l     E);N};S$            
1000: SAVESTATE:          105
1000:                     l);dti=l;p(i);dti=l;dti=l     l);N};S$            
1001:                     );dti=l;p(i);dti=l;dti=l;     );N};S$             
1002:                     ;dti=l;p(i);dti=l;dti=l;p     ;N};S$              
1003:                     dti=l;p(i);dti=l;dti=l;p(     N};S$               
1004: N->dti=E;N          dti=l;p(i);dti=l;dti=l;p(     N};S$               
1004: SAVESTATE:          106
1004:                     dti=l;p(i);dti=l;dti=l;p(     dti=E;N};S$         
1005:                     ti=l;p(i);dti=l;dti=l;p(i     ti=E;N};S$          
1006:                     i=l;p(i);dti=l;dti=l;p(i)     i=E;N};S$           
1007:                     =l;p(i);dti=l;dti=l;p(i);     =E;N};S$            
1008:                     l;p(i);dti=l;dti=l;p(i);p     E;N};S$             
1009: E->lM               l;p(i);dti=l;dti=l;p(i);p     E;N};S$             
1009: SAVESTATE:          107
1009:                     l;p(i);dti=l;dti=l;p(i);p     lM;N};S$            
1010:                     ;p(i);dti=l;dti=l;p(i);p(     M;N};S$             
1011: TNS_NORULECHAIN/NS_NORULE
1011: RESSTATE            
1011:                     l;p(i);dti=l;dti=l;p(i);p     E;N};S$             
1012: E->l                l;p(i);dti=l;dti=l;p(i);p     E;N};S$             
1012: SAVESTATE:          107
1012:                     l;p(i);dti=l;dti=l;p(i);p     l;N};S$             
1013:                     ;p(i);dti=l;dti=l;p(i);p(     ;N};S$              
1014:                     p(i);dti=l;dti=l;p(i);p(i     N};S$               
1015: N->pE;N             p(i);dti=l;dti=l;p(i);p(i     N};S$               
1015: SAVESTATE:          108
1015:                     p(i);dti=l;dti=l;p(i);p(i     pE;N};S$            
1016:                     (i);dti=l;dti=l;p(i);p(i)     E;N};S$             
1017: E->(E)M             (i);dti=l;dti=l;p(i);p(i)     E;N};S$             
1017: SAVESTATE:          109
1017:                     (i);dti=l;dti=l;p(i);p(i)     (E)M;N};S$          
1018:                     i);dti=l;dti=l;p(i);p(i);     E)M;N};S$           
1019: E->i(W)M            i);dti=l;dti=l;p(i);p(i);     E)M;N};S$           
1019: SAVESTATE:          110
1019:                     i);dti=l;dti=l;p(i);p(i);     i(W)M)M;N};S$       
1020:                     );dti=l;dti=l;p(i);p(i);p     (W)M)M;N};S$        
1021: TS_NOK / NS_NORULECHAIN
1021: RESSTATE            
1021:                     i);dti=l;dti=l;p(i);p(i);     E)M;N};S$           
1022: E->i(W)             i);dti=l;dti=l;p(i);p(i);     E)M;N};S$           
1022: SAVESTATE:          110
1022:                     i);dti=l;dti=l;p(i);p(i);     i(W))M;N};S$        
1023:                     );dti=l;dti=l;p(i);p(i);p     (W))M;N};S$         
1024: TS_NOK / NS_NORULECHAIN
1024: RESSTATE            
1024:                     i);dti=l;dti=l;p(i);p(i);     E)M;N};S$           
1025: E->iM               i);dti=l;dti=l;p(i);p(i);     E)M;N};S$           
1025: SAVESTATE:          110
1025:                     i);dti=l;dti=l;p(i);p(i);     iM)M;N};S$          
1026:                     );dti=l;dti=l;p(i);p(i);p     M)M;N};S$           
1027: TNS_NORULECHAIN/NS_NORULE
1027: RESSTATE            
1027:                     i);dti=l;dti=l;p(i);p(i);     E)M;N};S$           
1028: E->i                i);dti=l;dti=l;p(i);p(i);     E)M;N};S$           
1028: SAVESTATE:          110
1028:                     i);dti=l;dti=l;p(i);p(i);     i)M;N};S$           
1029:                     );dti=l;dti=l;p(i);p(i);p     )M;N};S$            
1030:                     ;dti=l;dti=l;p(i);p(i);p(     M;N};S$             
1031: TNS_NORULECHAIN/NS_NORULE
1031: RESSTATE            
1031:                     i);dti=l;dti=l;p(i);p(i);     E)M;N};S$           
1032: TNS_NORULECHAIN/NS_NORULE
1032: RESSTATE            
1032:                     (i);dti=l;dti=l;p(i);p(i)     E;N};S$             
1033: E->(E)              (i);dti=l;dti=l;p(i);p(i)     E;N};S$             
1033: SAVESTATE:          109
1033:                     (i);dti=l;dti=l;p(i);p(i)     (E);N};S$           
1034:                     i);dti=l;dti=l;p(i);p(i);     E);N};S$            
1035: E->i(W)M            i);dti=l;dti=l;p(i);p(i);     E);N};S$            
1035: SAVESTATE:          110
1035:                     i);dti=l;dti=l;p(i);p(i);     i(W)M);N};S$        
1036:                     );dti=l;dti=l;p(i);p(i);p     (W)M);N};S$         
1037: TS_NOK / NS_NORULECHAIN
1037: RESSTATE            
1037:                     i);dti=l;dti=l;p(i);p(i);     E);N};S$            
1038: E->i(W)             i);dti=l;dti=l;p(i);p(i);     E);N};S$            
1038: SAVESTATE:          110
1038:                     i);dti=l;dti=l;p(i);p(i);     i(W));N};S$         
1039:                     );dti=l;dti=l;p(i);p(i);p     (W));N};S$          
1040: TS_NOK / NS_NORULECHAIN
1040: RESSTATE            
1040:                     i);dti=l;dti=l;p(i);p(i);     E);N};S$            
1041: E->iM               i);dti=l;dti=l;p(i);p(i);     E);N};S$            
1041: SAVESTATE:          110
1041:                     i);dti=l;dti=l;p(i);p(i);     iM);N};S$           
1042:                     );dti=l;dti=l;p(i);p(i);p     M);N};S$            
1043: TNS_NORULECHAIN/NS_NORULE
1043: RESSTATE            
1043:                     i);dti=l;dti=l;p(i);p(i);     E);N};S$            
1044: E->i                i);dti=l;dti=l;p(i);p(i);     E);N};S$            
1044: SAVESTATE:          110
1044:                     i);dti=l;dti=l;p(i);p(i);     i);N};S$            
1045:                     );dti=l;dti=l;p(i);p(i);p     );N};S$             
1046:                     ;dti=l;dti=l;p(i);p(i);p(     ;N};S$              
1047:                     dti=l;dti=l;p(i);p(i);p(l     N};S$               
1048: N->dti=E;N          dti=l;dti=l;p(i);p(i);p(l     N};S$               
1048: SAVESTATE:          111
1048:                     dti=l;dti=l;p(i);p(i);p(l     dti=E;N};S$         
1049:                     ti=l;dti=l;p(i);p(i);p(l)     ti=E;N};S$          
1050:                     i=l;dti=l;p(i);p(i);p(l);     i=E;N};S$           
1051:                     =l;dti=l;p(i);p(i);p(l);p     =E;N};S$            
1052:                     l;dti=l;p(i);p(i);p(l);p(     E;N};S$             
1053: E->lM               l;dti=l;p(i);p(i);p(l);p(     E;N};S$             
1053: SAVESTATE:          112
1053:                     l;dti=l;p(i);p(i);p(l);p(     lM;N};S$            
1054:                     ;dti=l;p(i);p(i);p(l);p(l     M;N};S$             
1055: TNS_NORULECHAIN/NS_NORULE
1055: RESSTATE            
1055:                     l;dti=l;p(i);p(i);p(l);p(     E;N};S$             
1056: E->l                l;dti=l;p(i);p(i);p(l);p(     E;N};S$             
1056: SAVESTATE:          112
1056:                     l;dti=l;p(i);p(i);p(l);p(     l;N};S$             
1057:                     ;dti=l;p(i);p(i);p(l);p(l     ;N};S$              
1058:                     dti=l;p(i);p(i);p(l);p(l)     N};S$               
1059: N->dti=E;N          dti=l;p(i);p(i);p(l);p(l)     N};S$               
1059: SAVESTATE:          113
1059:                     dti=l;p(i);p(i);p(l);p(l)     dti=E;N};S$         
1060:                     ti=l;p(i);p(i);p(l);p(l);     ti=E;N};S$          
1061:                     i=l;p(i);p(i);p(l);p(l);d     i=E;N};S$           
1062:                     =l;p(i);p(i);p(l);p(l);dt     =E;N};S$            
1063:                     l;p(i);p(i);p(l);p(l);dti     E;N};S$             
1064: E->lM               l;p(i);p(i);p(l);p(l);dti     E;N};S$             
1064: SAVESTATE:          114
1064:                     l;p(i);p(i);p(l);p(l);dti     lM;N};S$            
1065:                     ;p(i);p(i);p(l);p(l);dti=     M;N};S$             
1066: TNS_NORULECHAIN/NS_NORULE
1066: RESSTATE            
1066:                     l;p(i);p(i);p(l);p(l);dti     E;N};S$             
1067: E->l                l;p(i);p(i);p(l);p(l);dti     E;N};S$             
1067: SAVESTATE:          114
1067:                     l;p(i);p(i);p(l);p(l);dti     l;N};S$             
1068:                     ;p(i);p(i);p(l);p(l);dti=     ;N};S$              
1069:                     p(i);p(i);p(l);p(l);dti=l     N};S$               
1070: N->pE;N             p(i);p(i);p(l);p(l);dti=l     N};S$               
1070: SAVESTATE:          115
1070:                     p(i);p(i);p(l);p(l);dti=l     pE;N};S$            
1071:                     (i);p(i);p(l);p(l);dti=l;     E;N};S$             
1072: E->(E)M             (i);p(i);p(l);p(l);dti=l;     E;N};S$             
1072: SAVESTATE:          116
1072:                     (i);p(i);p(l);p(l);dti=l;     (E)M;N};S$          
1073:                     i);p(i);p(l);p(l);dti=l;h     E)M;N};S$           
1074: E->i(W)M            i);p(i);p(l);p(l);dti=l;h     E)M;N};S$           
1074: SAVESTATE:          117
1074:                     i);p(i);p(l);p(l);dti=l;h     i(W)M)M;N};S$       
1075:                     );p(i);p(l);p(l);dti=l;h(     (W)M)M;N};S$        
1076: TS_NOK / NS_NORULECHAIN
1076: RESSTATE            
1076:                     i);p(i);p(l);p(l);dti=l;h     E)M;N};S$           
1077: E->i(W)             i);p(i);p(l);p(l);dti=l;h     E)M;N};S$           
1077: SAVESTATE:          117
1077:                     i);p(i);p(l);p(l);dti=l;h     i(W))M;N};S$        
1078:                     );p(i);p(l);p(l);dti=l;h(     (W))M;N};S$         
1079: TS_NOK / NS_NORULECHAIN
1079: RESSTATE            
1079:                     i);p(i);p(l);p(l);dti=l;h     E)M;N};S$           
1080: E->iM               i);p(i);p(l);p(l);dti=l;h     E)M;N};S$           
1080: SAVESTATE:          117
1080:                     i);p(i);p(l);p(l);dti=l;h     iM)M;N};S$          
1081:                     );p(i);p(l);p(l);dti=l;h(     M)M;N};S$           
1082: TNS_NORULECHAIN/NS_NORULE
1082: RESSTATE            
1082:                     i);p(i);p(l);p(l);dti=l;h     E)M;N};S$           
1083: E->i                i);p(i);p(l);p(l);dti=l;h     E)M;N};S$           
1083: SAVESTATE:          117
1083:                     i);p(i);p(l);p(l);dti=l;h     i)M;N};S$           
1084:                     );p(i);p(l);p(l);dti=l;h(     )M;N};S$            
1085:                     ;p(i);p(l);p(l);dti=l;h(i     M;N};S$             
1086: TNS_NORULECHAIN/NS_NORULE
1086: RESSTATE            
1086:                     i);p(i);p(l);p(l);dti=l;h     E)M;N};S$           
1087: TNS_NORULECHAIN/NS_NORULE
1087: RESSTATE            
1087:                     (i);p(i);p(l);p(l);dti=l;     E;N};S$             
1088: E->(E)              (i);p(i);p(l);p(l);dti=l;     E;N};S$             
1088: SAVESTATE:          116
1088:                     (i);p(i);p(l);p(l);dti=l;     (E);N};S$           
1089:                     i);p(i);p(l);p(l);dti=l;h     E);N};S$            
1090: E->i(W)M            i);p(i);p(l);p(l);dti=l;h     E);N};S$            
1090: SAVESTATE:          117
1090:                     i);p(i);p(l);p(l);dti=l;h     i(W)M);N};S$        
1091:                     );p(i);p(l);p(l);dti=l;h(     (W)M);N};S$         
1092: TS_NOK / NS_NORULECHAIN
1092: RESSTATE            
1092:                     i);p(i);p(l);p(l);dti=l;h     E);N};S$            
1093: E->i(W)             i);p(i);p(l);p(l);dti=l;h     E);N};S$            
1093: SAVESTATE:          117
1093:                     i);p(i);p(l);p(l);dti=l;h     i(W));N};S$         
1094:                     );p(i);p(l);p(l);dti=l;h(     (W));N};S$          
1095: TS_NOK / NS_NORULECHAIN
1095: RESSTATE            
1095:                     i);p(i);p(l);p(l);dti=l;h     E);N};S$            
1096: E->iM               i);p(i);p(l);p(l);dti=l;h     E);N};S$            
1096: SAVESTATE:          117
1096:                     i);p(i);p(l);p(l);dti=l;h     iM);N};S$           
1097:                     );p(i);p(l);p(l);dti=l;h(     M);N};S$            
1098: TNS_NORULECHAIN/NS_NORULE
1098: RESSTATE            
1098:                     i);p(i);p(l);p(l);dti=l;h     E);N};S$            
1099: E->i                i);p(i);p(l);p(l);dti=l;h     E);N};S$            
1099: SAVESTATE:          117
1099:                     i);p(i);p(l);p(l);dti=l;h     i);N};S$            
1100:                     );p(i);p(l);p(l);dti=l;h(     );N};S$             
1101:                     ;p(i);p(l);p(l);dti=l;h(i     ;N};S$              
1102:                     p(i);p(l);p(l);dti=l;h(i)     N};S$               
1103: N->pE;N             p(i);p(l);p(l);dti=l;h(i)     N};S$               
1103: SAVESTATE:          118
1103:                     p(i);p(l);p(l);dti=l;h(i)     pE;N};S$            
1104:                     (i);p(l);p(l);dti=l;h(i){     E;N};S$             
1105: E->(E)M             (i);p(l);p(l);dti=l;h(i){     E;N};S$             
1105: SAVESTATE:          119
1105:                     (i);p(l);p(l);dti=l;h(i){     (E)M;N};S$          
1106:                     i);p(l);p(l);dti=l;h(i){c     E)M;N};S$           
1107: E->i(W)M            i);p(l);p(l);dti=l;h(i){c     E)M;N};S$           
1107: SAVESTATE:          120
1107:                     i);p(l);p(l);dti=l;h(i){c     i(W)M)M;N};S$       
1108:                     );p(l);p(l);dti=l;h(i){cl     (W)M)M;N};S$        
1109: TS_NOK / NS_NORULECHAIN
1109: RESSTATE            
1109:                     i);p(l);p(l);dti=l;h(i){c     E)M;N};S$           
1110: E->i(W)             i);p(l);p(l);dti=l;h(i){c     E)M;N};S$           
1110: SAVESTATE:          120
1110:                     i);p(l);p(l);dti=l;h(i){c     i(W))M;N};S$        
1111:                     );p(l);p(l);dti=l;h(i){cl     (W))M;N};S$         
1112: TS_NOK / NS_NORULECHAIN
1112: RESSTATE            
1112:                     i);p(l);p(l);dti=l;h(i){c     E)M;N};S$           
1113: E->iM               i);p(l);p(l);dti=l;h(i){c     E)M;N};S$           
1113: SAVESTATE:          120
1113:                     i);p(l);p(l);dti=l;h(i){c     iM)M;N};S$          
1114:                     );p(l);p(l);dti=l;h(i){cl     M)M;N};S$           
1115: TNS_NORULECHAIN/NS_NORULE
1115: RESSTATE            
1115:                     i);p(l);p(l);dti=l;h(i){c     E)M;N};S$           
1116: E->i                i);p(l);p(l);dti=l;h(i){c     E)M;N};S$           
1116: SAVESTATE:          120
1116:                     i);p(l);p(l);dti=l;h(i){c     i)M;N};S$           
1117:                     );p(l);p(l);dti=l;h(i){cl     )M;N};S$            
1118:                     ;p(l);p(l);dti=l;h(i){cl:     M;N};S$             
1119: TNS_NORULECHAIN/NS_NORULE
1119: RESSTATE            
1119:                     i);p(l);p(l);dti=l;h(i){c     E)M;N};S$           
1120: TNS_NORULECHAIN/NS_NORULE
1120: RESSTATE            
1120:                     (i);p(l);p(l);dti=l;h(i){     E;N};S$             
1121: E->(E)              (i);p(l);p(l);dti=l;h(i){     E;N};S$             
1121: SAVESTATE:          119
1121:                     (i);p(l);p(l);dti=l;h(i){     (E);N};S$           
1122:                     i);p(l);p(l);dti=l;h(i){c     E);N};S$            
1123: E->i(W)M            i);p(l);p(l);dti=l;h(i){c     E);N};S$            
1123: SAVESTATE:          120
1123:                     i);p(l);p(l);dti=l;h(i){c     i(W)M);N};S$        
1124:                     );p(l);p(l);dti=l;h(i){cl     (W)M);N};S$         
1125: TS_NOK / NS_NORULECHAIN
1125: RESSTATE            
1125:                     i);p(l);p(l);dti=l;h(i){c     E);N};S$            
1126: E->i(W)             i);p(l);p(l);dti=l;h(i){c     E);N};S$            
1126: SAVESTATE:          120
1126:                     i);p(l);p(l);dti=l;h(i){c     i(W));N};S$         
1127:                     );p(l);p(l);dti=l;h(i){cl     (W));N};S$          
1128: TS_NOK / NS_NORULECHAIN
1128: RESSTATE            
1128:                     i);p(l);p(l);dti=l;h(i){c     E);N};S$            
1129: E->iM               i);p(l);p(l);dti=l;h(i){c     E);N};S$            
1129: SAVESTATE:          120
1129:                     i);p(l);p(l);dti=l;h(i){c     iM);N};S$           
1130:                     );p(l);p(l);dti=l;h(i){cl     M);N};S$            
1131: TNS_NORULECHAIN/NS_NORULE
1131: RESSTATE            
1131:                     i);p(l);p(l);dti=l;h(i){c     E);N};S$            
1132: E->i                i);p(l);p(l);dti=l;h(i){c     E);N};S$            
1132: SAVESTATE:          120
1132:                     i);p(l);p(l);dti=l;h(i){c     i);N};S$            
1133:                     );p(l);p(l);dti=l;h(i){cl     );N};S$             
1134:                     ;p(l);p(l);dti=l;h(i){cl:     ;N};S$              
1135:                     p(l);p(l);dti=l;h(i){cl:{     N};S$               
1136: N->pE;N             p(l);p(l);dti=l;h(i){cl:{     N};S$               
1136: SAVESTATE:          121
1136:                     p(l);p(l);dti=l;h(i){cl:{     pE;N};S$            
1137:                     (l);p(l);dti=l;h(i){cl:{p     E;N};S$             
1138: E->(E)M             (l);p(l);dti=l;h(i){cl:{p     E;N};S$             
1138: SAVESTATE:          122
1138:                     (l);p(l);dti=l;h(i){cl:{p     (E)M;N};S$          
1139:                     l);p(l);dti=l;h(i){cl:{p(     E)M;N};S$           
1140: E->lM               l);p(l);dti=l;h(i){cl:{p(     E)M;N};S$           
1140: SAVESTATE:          123
1140:                     l);p(l);dti=l;h(i){cl:{p(     lM)M;N};S$          
1141:                     );p(l);dti=l;h(i){cl:{p(l     M)M;N};S$           
1142: TNS_NORULECHAIN/NS_NORULE
1142: RESSTATE            
1142:                     l);p(l);dti=l;h(i){cl:{p(     E)M;N};S$           
1143: E->l                l);p(l);dti=l;h(i){cl:{p(     E)M;N};S$           
1143: SAVESTATE:          123
1143:                     l);p(l);dti=l;h(i){cl:{p(     l)M;N};S$           
1144:                     );p(l);dti=l;h(i){cl:{p(l     )M;N};S$            
1145:                     ;p(l);dti=l;h(i){cl:{p(l)     M;N};S$             
1146: TNS_NORULECHAIN/NS_NORULE
1146: RESSTATE            
1146:                     l);p(l);dti=l;h(i){cl:{p(     E)M;N};S$           
1147: TNS_NORULECHAIN/NS_NORULE
1147: RESSTATE            
1147:                     (l);p(l);dti=l;h(i){cl:{p     E;N};S$             
1148: E->(E)              (l);p(l);dti=l;h(i){cl:{p     E;N};S$             
1148: SAVESTATE:          122
1148:                     (l);p(l);dti=l;h(i){cl:{p     (E);N};S$           
1149:                     l);p(l);dti=l;h(i){cl:{p(     E);N};S$            
1150: E->lM               l);p(l);dti=l;h(i){cl:{p(     E);N};S$            
1150: SAVESTATE:          123
1150:                     l);p(l);dti=l;h(i){cl:{p(     lM);N};S$           
1151:                     );p(l);dti=l;h(i){cl:{p(l     M);N};S$            
1152: TNS_NORULECHAIN/NS_NORULE
1152: RESSTATE            
1152:                     l);p(l);dti=l;h(i){cl:{p(     E);N};S$            
1153: E->l                l);p(l);dti=l;h(i){cl:{p(     E);N};S$            
1153: SAVESTATE:          123
1153:                     l);p(l);dti=l;h(i){cl:{p(     l);N};S$            
1154:                     );p(l);dti=l;h(i){cl:{p(l     );N};S$             
1155:                     ;p(l);dti=l;h(i){cl:{p(l)     ;N};S$              
1156:                     p(l);dti=l;h(i){cl:{p(l);     N};S$               
1157: N->pE;N             p(l);dti=l;h(i){cl:{p(l);     N};S$               
1157: SAVESTATE:          124
1157:                     p(l);dti=l;h(i){cl:{p(l);     pE;N};S$            
1158:                     (l);dti=l;h(i){cl:{p(l);}     E;N};S$             
1159: E->(E)M             (l);dti=l;h(i){cl:{p(l);}     E;N};S$             
1159: SAVESTATE:          125
1159:                     (l);dti=l;h(i){cl:{p(l);}     (E)M;N};S$          
1160:                     l);dti=l;h(i){cl:{p(l);}c     E)M;N};S$           
1161: E->lM               l);dti=l;h(i){cl:{p(l);}c     E)M;N};S$           
1161: SAVESTATE:          126
1161:                     l);dti=l;h(i){cl:{p(l);}c     lM)M;N};S$          
1162:                     );dti=l;h(i){cl:{p(l);}cl     M)M;N};S$           
1163: TNS_NORULECHAIN/NS_NORULE
1163: RESSTATE            
1163:                     l);dti=l;h(i){cl:{p(l);}c     E)M;N};S$           
1164: E->l                l);dti=l;h(i){cl:{p(l);}c     E)M;N};S$           
1164: SAVESTATE:          126
1164:                     l);dti=l;h(i){cl:{p(l);}c     l)M;N};S$           
1165:                     );dti=l;h(i){cl:{p(l);}cl     )M;N};S$            
1166:                     ;dti=l;h(i){cl:{p(l);}cl:     M;N};S$             
1167: TNS_NORULECHAIN/NS_NORULE
1167: RESSTATE            
1167:                     l);dti=l;h(i){cl:{p(l);}c     E)M;N};S$           
1168: TNS_NORULECHAIN/NS_NORULE
1168: RESSTATE            
1168:                     (l);dti=l;h(i){cl:{p(l);}     E;N};S$             
1169: E->(E)              (l);dti=l;h(i){cl:{p(l);}     E;N};S$             
1169: SAVESTATE:          125
1169:                     (l);dti=l;h(i){cl:{p(l);}     (E);N};S$           
1170:                     l);dti=l;h(i){cl:{p(l);}c     E);N};S$            
1171: E->lM               l);dti=l;h(i){cl:{p(l);}c     E);N};S$            
1171: SAVESTATE:          126
1171:                     l);dti=l;h(i){cl:{p(l);}c     lM);N};S$           
1172:                     );dti=l;h(i){cl:{p(l);}cl     M);N};S$            
1173: TNS_NORULECHAIN/NS_NORULE
1173: RESSTATE            
1173:                     l);dti=l;h(i){cl:{p(l);}c     E);N};S$            
1174: E->l                l);dti=l;h(i){cl:{p(l);}c     E);N};S$            
1174: SAVESTATE:          126
1174:                     l);dti=l;h(i){cl:{p(l);}c     l);N};S$            
1175:                     );dti=l;h(i){cl:{p(l);}cl     );N};S$             
1176:                     ;dti=l;h(i){cl:{p(l);}cl:     ;N};S$              
1177:                     dti=l;h(i){cl:{p(l);}cl:{     N};S$               
1178: N->dti=E;N          dti=l;h(i){cl:{p(l);}cl:{     N};S$               
1178: SAVESTATE:          127
1178:                     dti=l;h(i){cl:{p(l);}cl:{     dti=E;N};S$         
1179:                     ti=l;h(i){cl:{p(l);}cl:{p     ti=E;N};S$          
1180:                     i=l;h(i){cl:{p(l);}cl:{p(     i=E;N};S$           
1181:                     =l;h(i){cl:{p(l);}cl:{p(l     =E;N};S$            
1182:                     l;h(i){cl:{p(l);}cl:{p(l)     E;N};S$             
1183: E->lM               l;h(i){cl:{p(l);}cl:{p(l)     E;N};S$             
1183: SAVESTATE:          128
1183:                     l;h(i){cl:{p(l);}cl:{p(l)     lM;N};S$            
1184:                     ;h(i){cl:{p(l);}cl:{p(l);     M;N};S$             
1185: TNS_NORULECHAIN/NS_NORULE
1185: RESSTATE            
1185:                     l;h(i){cl:{p(l);}cl:{p(l)     E;N};S$             
1186: E->l                l;h(i){cl:{p(l);}cl:{p(l)     E;N};S$             
1186: SAVESTATE:          128
1186:                     l;h(i){cl:{p(l);}cl:{p(l)     l;N};S$             
1187:                     ;h(i){cl:{p(l);}cl:{p(l);     ;N};S$              
1188:                     h(i){cl:{p(l);}cl:{p(l);}     N};S$               
1189: N->h(i){K}N         h(i){cl:{p(l);}cl:{p(l);}     N};S$               
1189: SAVESTATE:          129
1189:                     h(i){cl:{p(l);}cl:{p(l);}     h(i){K}N};S$        
1190:                     (i){cl:{p(l);}cl:{p(l);}c     (i){K}N};S$         
1191:                     i){cl:{p(l);}cl:{p(l);}cl     i){K}N};S$          
1192:                     ){cl:{p(l);}cl:{p(l);}cl:     ){K}N};S$           
1193:                     {cl:{p(l);}cl:{p(l);}cl:{     {K}N};S$            
1194:                     cl:{p(l);}cl:{p(l);}cl:{p     K}N};S$             
1195: K->cl:{N}K          cl:{p(l);}cl:{p(l);}cl:{p     K}N};S$             
1195: SAVESTATE:          130
1195:                     cl:{p(l);}cl:{p(l);}cl:{p     cl:{N}K}N};S$       
1196:                     l:{p(l);}cl:{p(l);}cl:{p(     l:{N}K}N};S$        
1197:                     :{p(l);}cl:{p(l);}cl:{p(l     :{N}K}N};S$         
1198:                     {p(l);}cl:{p(l);}cl:{p(l)     {N}K}N};S$          
1199:                     p(l);}cl:{p(l);}cl:{p(l);     N}K}N};S$           
1200: N->pE;N             p(l);}cl:{p(l);}cl:{p(l);     N}K}N};S$           
1200: SAVESTATE:          131
1200:                     p(l);}cl:{p(l);}cl:{p(l);     pE;N}K}N};S$        
1201:                     (l);}cl:{p(l);}cl:{p(l);}     E;N}K}N};S$         
1202: E->(E)M             (l);}cl:{p(l);}cl:{p(l);}     E;N}K}N};S$         
1202: SAVESTATE:          132
1202:                     (l);}cl:{p(l);}cl:{p(l);}     (E)M;N}K}N};S$      
1203:                     l);}cl:{p(l);}cl:{p(l);}a     E)M;N}K}N};S$       
1204: E->lM               l);}cl:{p(l);}cl:{p(l);}a     E)M;N}K}N};S$       
1204: SAVESTATE:          133
1204:                     l);}cl:{p(l);}cl:{p(l);}a     lM)M;N}K}N};S$      
1205:                     );}cl:{p(l);}cl:{p(l);}a:     M)M;N}K}N};S$       
1206: TNS_NORULECHAIN/NS_NORULE
1206: RESSTATE            
1206:                     l);}cl:{p(l);}cl:{p(l);}a     E)M;N}K}N};S$       
1207: E->l                l);}cl:{p(l);}cl:{p(l);}a     E)M;N}K}N};S$       
1207: SAVESTATE:          133
1207:                     l);}cl:{p(l);}cl:{p(l);}a     l)M;N}K}N};S$       
1208:                     );}cl:{p(l);}cl:{p(l);}a:     )M;N}K}N};S$        
1209:                     ;}cl:{p(l);}cl:{p(l);}a:{     M;N}K}N};S$         
1210: TNS_NORULECHAIN/NS_NORULE
1210: RESSTATE            
1210:                     l);}cl:{p(l);}cl:{p(l);}a     E)M;N}K}N};S$       
1211: TNS_NORULECHAIN/NS_NORULE
1211: RESSTATE            
1211:                     (l);}cl:{p(l);}cl:{p(l);}     E;N}K}N};S$         
1212: E->(E)              (l);}cl:{p(l);}cl:{p(l);}     E;N}K}N};S$         
1212: SAVESTATE:          132
1212:                     (l);}cl:{p(l);}cl:{p(l);}     (E);N}K}N};S$       
1213:                     l);}cl:{p(l);}cl:{p(l);}a     E);N}K}N};S$        
1214: E->lM               l);}cl:{p(l);}cl:{p(l);}a     E);N}K}N};S$        
1214: SAVESTATE:          133
1214:                     l);}cl:{p(l);}cl:{p(l);}a     lM);N}K}N};S$       
1215:                     );}cl:{p(l);}cl:{p(l);}a:     M);N}K}N};S$        
1216: TNS_NORULECHAIN/NS_NORULE
1216: RESSTATE            
1216:                     l);}cl:{p(l);}cl:{p(l);}a     E);N}K}N};S$        
1217: E->l                l);}cl:{p(l);}cl:{p(l);}a     E);N}K}N};S$        
1217: SAVESTATE:          133
1217:                     l);}cl:{p(l);}cl:{p(l);}a     l);N}K}N};S$        
1218:                     );}cl:{p(l);}cl:{p(l);}a:     );N}K}N};S$         
1219:                     ;}cl:{p(l);}cl:{p(l);}a:{     ;N}K}N};S$          
1220:                     }cl:{p(l);}cl:{p(l);}a:{p     N}K}N};S$           
1221: TNS_NORULECHAIN/NS_NORULE
1221: RESSTATE            
1221:                     l);}cl:{p(l);}cl:{p(l);}a     E);N}K}N};S$        
1222: TNS_NORULECHAIN/NS_NORULE
1222: RESSTATE            
1222:                     (l);}cl:{p(l);}cl:{p(l);}     E;N}K}N};S$         
1223: TNS_NORULECHAIN/NS_NORULE
1223: RESSTATE            
1223:                     p(l);}cl:{p(l);}cl:{p(l);     N}K}N};S$           
1224: N->pE;              p(l);}cl:{p(l);}cl:{p(l);     N}K}N};S$           
1224: SAVESTATE:          131
1224:                     p(l);}cl:{p(l);}cl:{p(l);     pE;}K}N};S$         
1225:                     (l);}cl:{p(l);}cl:{p(l);}     E;}K}N};S$          
1226: E->(E)M             (l);}cl:{p(l);}cl:{p(l);}     E;}K}N};S$          
1226: SAVESTATE:          132
1226:                     (l);}cl:{p(l);}cl:{p(l);}     (E)M;}K}N};S$       
1227:                     l);}cl:{p(l);}cl:{p(l);}a     E)M;}K}N};S$        
1228: E->lM               l);}cl:{p(l);}cl:{p(l);}a     E)M;}K}N};S$        
1228: SAVESTATE:          133
1228:                     l);}cl:{p(l);}cl:{p(l);}a     lM)M;}K}N};S$       
1229:                     );}cl:{p(l);}cl:{p(l);}a:     M)M;}K}N};S$        
1230: TNS_NORULECHAIN/NS_NORULE
1230: RESSTATE            
1230:                     l);}cl:{p(l);}cl:{p(l);}a     E)M;}K}N};S$        
1231: E->l                l);}cl:{p(l);}cl:{p(l);}a     E)M;}K}N};S$        
1231: SAVESTATE:          133
1231:                     l);}cl:{p(l);}cl:{p(l);}a     l)M;}K}N};S$        
1232:                     );}cl:{p(l);}cl:{p(l);}a:     )M;}K}N};S$         
1233:                     ;}cl:{p(l);}cl:{p(l);}a:{     M;}K}N};S$          
1234: TNS_NORULECHAIN/NS_NORULE
1234: RESSTATE            
1234:                     l);}cl:{p(l);}cl:{p(l);}a     E)M;}K}N};S$        
1235: TNS_NORULECHAIN/NS_NORULE
1235: RESSTATE            
1235:                     (l);}cl:{p(l);}cl:{p(l);}     E;}K}N};S$          
1236: E->(E)              (l);}cl:{p(l);}cl:{p(l);}     E;}K}N};S$          
1236: SAVESTATE:          132
1236:                     (l);}cl:{p(l);}cl:{p(l);}     (E);}K}N};S$        
1237:                     l);}cl:{p(l);}cl:{p(l);}a     E);}K}N};S$         
1238: E->lM               l);}cl:{p(l);}cl:{p(l);}a     E);}K}N};S$         
1238: SAVESTATE:          133
1238:                     l);}cl:{p(l);}cl:{p(l);}a     lM);}K}N};S$        
1239:                     );}cl:{p(l);}cl:{p(l);}a:     M);}K}N};S$         
1240: TNS_NORULECHAIN/NS_NORULE
1240: RESSTATE            
1240:                     l);}cl:{p(l);}cl:{p(l);}a     E);}K}N};S$         
1241: E->l                l);}cl:{p(l);}cl:{p(l);}a     E);}K}N};S$         
1241: SAVESTATE:          133
1241:                     l);}cl:{p(l);}cl:{p(l);}a     l);}K}N};S$         
1242:                     );}cl:{p(l);}cl:{p(l);}a:     );}K}N};S$          
1243:                     ;}cl:{p(l);}cl:{p(l);}a:{     ;}K}N};S$           
1244:                     }cl:{p(l);}cl:{p(l);}a:{p     }K}N};S$            
1245:                     cl:{p(l);}cl:{p(l);}a:{p(     K}N};S$             
1246: K->cl:{N}K          cl:{p(l);}cl:{p(l);}a:{p(     K}N};S$             
1246: SAVESTATE:          134
1246:                     cl:{p(l);}cl:{p(l);}a:{p(     cl:{N}K}N};S$       
1247:                     l:{p(l);}cl:{p(l);}a:{p(l     l:{N}K}N};S$        
1248:                     :{p(l);}cl:{p(l);}a:{p(l)     :{N}K}N};S$         
1249:                     {p(l);}cl:{p(l);}a:{p(l);     {N}K}N};S$          
1250:                     p(l);}cl:{p(l);}a:{p(l);}     N}K}N};S$           
1251: N->pE;N             p(l);}cl:{p(l);}a:{p(l);}     N}K}N};S$           
1251: SAVESTATE:          135
1251:                     p(l);}cl:{p(l);}a:{p(l);}     pE;N}K}N};S$        
1252:                     (l);}cl:{p(l);}a:{p(l);}}     E;N}K}N};S$         
1253: E->(E)M             (l);}cl:{p(l);}a:{p(l);}}     E;N}K}N};S$         
1253: SAVESTATE:          136
1253:                     (l);}cl:{p(l);}a:{p(l);}}     (E)M;N}K}N};S$      
1254:                     l);}cl:{p(l);}a:{p(l);}}p     E)M;N}K}N};S$       
1255: E->lM               l);}cl:{p(l);}a:{p(l);}}p     E)M;N}K}N};S$       
1255: SAVESTATE:          137
1255:                     l);}cl:{p(l);}a:{p(l);}}p     lM)M;N}K}N};S$      
1256:                     );}cl:{p(l);}a:{p(l);}}p(     M)M;N}K}N};S$       
1257: TNS_NORULECHAIN/NS_NORULE
1257: RESSTATE            
1257:                     l);}cl:{p(l);}a:{p(l);}}p     E)M;N}K}N};S$       
1258: E->l                l);}cl:{p(l);}a:{p(l);}}p     E)M;N}K}N};S$       
1258: SAVESTATE:          137
1258:                     l);}cl:{p(l);}a:{p(l);}}p     l)M;N}K}N};S$       
1259:                     );}cl:{p(l);}a:{p(l);}}p(     )M;N}K}N};S$        
1260:                     ;}cl:{p(l);}a:{p(l);}}p(l     M;N}K}N};S$         
1261: TNS_NORULECHAIN/NS_NORULE
1261: RESSTATE            
1261:                     l);}cl:{p(l);}a:{p(l);}}p     E)M;N}K}N};S$       
1262: TNS_NORULECHAIN/NS_NORULE
1262: RESSTATE            
1262:                     (l);}cl:{p(l);}a:{p(l);}}     E;N}K}N};S$         
1263: E->(E)              (l);}cl:{p(l);}a:{p(l);}}     E;N}K}N};S$         
1263: SAVESTATE:          136
1263:                     (l);}cl:{p(l);}a:{p(l);}}     (E);N}K}N};S$       
1264:                     l);}cl:{p(l);}a:{p(l);}}p     E);N}K}N};S$        
1265: E->lM               l);}cl:{p(l);}a:{p(l);}}p     E);N}K}N};S$        
1265: SAVESTATE:          137
1265:                     l);}cl:{p(l);}a:{p(l);}}p     lM);N}K}N};S$       
1266:                     );}cl:{p(l);}a:{p(l);}}p(     M);N}K}N};S$        
1267: TNS_NORULECHAIN/NS_NORULE
1267: RESSTATE            
1267:                     l);}cl:{p(l);}a:{p(l);}}p     E);N}K}N};S$        
1268: E->l                l);}cl:{p(l);}a:{p(l);}}p     E);N}K}N};S$        
1268: SAVESTATE:          137
1268:                     l);}cl:{p(l);}a:{p(l);}}p     l);N}K}N};S$        
1269:                     );}cl:{p(l);}a:{p(l);}}p(     );N}K}N};S$         
1270:                     ;}cl:{p(l);}a:{p(l);}}p(l     ;N}K}N};S$          
1271:                     }cl:{p(l);}a:{p(l);}}p(l)     N}K}N};S$           
1272: TNS_NORULECHAIN/NS_NORULE
1272: RESSTATE            
1272:                     l);}cl:{p(l);}a:{p(l);}}p     E);N}K}N};S$        
1273: TNS_NORULECHAIN/NS_NORULE
1273: RESSTATE            
1273:                     (l);}cl:{p(l);}a:{p(l);}}     E;N}K}N};S$         
1274: TNS_NORULECHAIN/NS_NORULE
1274: RESSTATE            
1274:                     p(l);}cl:{p(l);}a:{p(l);}     N}K}N};S$           
1275: N->pE;              p(l);}cl:{p(l);}a:{p(l);}     N}K}N};S$           
1275: SAVESTATE:          135
1275:                     p(l);}cl:{p(l);}a:{p(l);}     pE;}K}N};S$         
1276:                     (l);}cl:{p(l);}a:{p(l);}}     E;}K}N};S$          
1277: E->(E)M             (l);}cl:{p(l);}a:{p(l);}}     E;}K}N};S$          
1277: SAVESTATE:          136
1277:                     (l);}cl:{p(l);}a:{p(l);}}     (E)M;}K}N};S$       
1278:                     l);}cl:{p(l);}a:{p(l);}}p     E)M;}K}N};S$        
1279: E->lM               l);}cl:{p(l);}a:{p(l);}}p     E)M;}K}N};S$        
1279: SAVESTATE:          137
1279:                     l);}cl:{p(l);}a:{p(l);}}p     lM)M;}K}N};S$       
1280:                     );}cl:{p(l);}a:{p(l);}}p(     M)M;}K}N};S$        
1281: TNS_NORULECHAIN/NS_NORULE
1281: RESSTATE            
1281:                     l);}cl:{p(l);}a:{p(l);}}p     E)M;}K}N};S$        
1282: E->l                l);}cl:{p(l);}a:{p(l);}}p     E)M;}K}N};S$        
1282: SAVESTATE:          137
1282:                     l);}cl:{p(l);}a:{p(l);}}p     l)M;}K}N};S$        
1283:                     );}cl:{p(l);}a:{p(l);}}p(     )M;}K}N};S$         
1284:                     ;}cl:{p(l);}a:{p(l);}}p(l     M;}K}N};S$          
1285: TNS_NORULECHAIN/NS_NORULE
1285: RESSTATE            
1285:                     l);}cl:{p(l);}a:{p(l);}}p     E)M;}K}N};S$        
1286: TNS_NORULECHAIN/NS_NORULE
1286: RESSTATE            
1286:                     (l);}cl:{p(l);}a:{p(l);}}     E;}K}N};S$          
1287: E->(E)              (l);}cl:{p(l);}a:{p(l);}}     E;}K}N};S$          
1287: SAVESTATE:          136
1287:                     (l);}cl:{p(l);}a:{p(l);}}     (E);}K}N};S$        
1288:                     l);}cl:{p(l);}a:{p(l);}}p     E);}K}N};S$         
1289: E->lM               l);}cl:{p(l);}a:{p(l);}}p     E);}K}N};S$         
1289: SAVESTATE:          137
1289:                     l);}cl:{p(l);}a:{p(l);}}p     lM);}K}N};S$        
1290:                     );}cl:{p(l);}a:{p(l);}}p(     M);}K}N};S$         
1291: TNS_NORULECHAIN/NS_NORULE
1291: RESSTATE            
1291:                     l);}cl:{p(l);}a:{p(l);}}p     E);}K}N};S$         
1292: E->l                l);}cl:{p(l);}a:{p(l);}}p     E);}K}N};S$         
1292: SAVESTATE:          137
1292:                     l);}cl:{p(l);}a:{p(l);}}p     l);}K}N};S$         
1293:                     );}cl:{p(l);}a:{p(l);}}p(     );}K}N};S$          
1294:                     ;}cl:{p(l);}a:{p(l);}}p(l     ;}K}N};S$           
1295:                     }cl:{p(l);}a:{p(l);}}p(l)     }K}N};S$            
1296:                     cl:{p(l);}a:{p(l);}}p(l);     K}N};S$             
1297: K->cl:{N}K          cl:{p(l);}a:{p(l);}}p(l);     K}N};S$             
1297: SAVESTATE:          138
1297:                     cl:{p(l);}a:{p(l);}}p(l);     cl:{N}K}N};S$       
1298:                     l:{p(l);}a:{p(l);}}p(l);d     l:{N}K}N};S$        
1299:                     :{p(l);}a:{p(l);}}p(l);dt     :{N}K}N};S$         
1300:                     {p(l);}a:{p(l);}}p(l);dti     {N}K}N};S$          
1301:                     p(l);}a:{p(l);}}p(l);dti=     N}K}N};S$           
1302: N->pE;N             p(l);}a:{p(l);}}p(l);dti=     N}K}N};S$           
1302: SAVESTATE:          139
1302:                     p(l);}a:{p(l);}}p(l);dti=     pE;N}K}N};S$        
1303:                     (l);}a:{p(l);}}p(l);dti=l     E;N}K}N};S$         
1304: E->(E)M             (l);}a:{p(l);}}p(l);dti=l     E;N}K}N};S$         
1304: SAVESTATE:          140
1304:                     (l);}a:{p(l);}}p(l);dti=l     (E)M;N}K}N};S$      
1305:                     l);}a:{p(l);}}p(l);dti=l;     E)M;N}K}N};S$       
1306: E->lM               l);}a:{p(l);}}p(l);dti=l;     E)M;N}K}N};S$       
1306: SAVESTATE:          141
1306:                     l);}a:{p(l);}}p(l);dti=l;     lM)M;N}K}N};S$      
1307:                     );}a:{p(l);}}p(l);dti=l;s     M)M;N}K}N};S$       
1308: TNS_NORULECHAIN/NS_NORULE
1308: RESSTATE            
1308:                     l);}a:{p(l);}}p(l);dti=l;     E)M;N}K}N};S$       
1309: E->l                l);}a:{p(l);}}p(l);dti=l;     E)M;N}K}N};S$       
1309: SAVESTATE:          141
1309:                     l);}a:{p(l);}}p(l);dti=l;     l)M;N}K}N};S$       
1310:                     );}a:{p(l);}}p(l);dti=l;s     )M;N}K}N};S$        
1311:                     ;}a:{p(l);}}p(l);dti=l;s(     M;N}K}N};S$         
1312: TNS_NORULECHAIN/NS_NORULE
1312: RESSTATE            
1312:                     l);}a:{p(l);}}p(l);dti=l;     E)M;N}K}N};S$       
1313: TNS_NORULECHAIN/NS_NORULE
1313: RESSTATE            
1313:                     (l);}a:{p(l);}}p(l);dti=l     E;N}K}N};S$         
1314: E->(E)              (l);}a:{p(l);}}p(l);dti=l     E;N}K}N};S$         
1314: SAVESTATE:          140
1314:                     (l);}a:{p(l);}}p(l);dti=l     (E);N}K}N};S$       
1315:                     l);}a:{p(l);}}p(l);dti=l;     E);N}K}N};S$        
1316: E->lM               l);}a:{p(l);}}p(l);dti=l;     E);N}K}N};S$        
1316: SAVESTATE:          141
1316:                     l);}a:{p(l);}}p(l);dti=l;     lM);N}K}N};S$       
1317:                     );}a:{p(l);}}p(l);dti=l;s     M);N}K}N};S$        
1318: TNS_NORULECHAIN/NS_NORULE
1318: RESSTATE            
1318:                     l);}a:{p(l);}}p(l);dti=l;     E);N}K}N};S$        
1319: E->l                l);}a:{p(l);}}p(l);dti=l;     E);N}K}N};S$        
1319: SAVESTATE:          141
1319:                     l);}a:{p(l);}}p(l);dti=l;     l);N}K}N};S$        
1320:                     );}a:{p(l);}}p(l);dti=l;s     );N}K}N};S$         
1321:                     ;}a:{p(l);}}p(l);dti=l;s(     ;N}K}N};S$          
1322:                     }a:{p(l);}}p(l);dti=l;s(i     N}K}N};S$           
1323: TNS_NORULECHAIN/NS_NORULE
1323: RESSTATE            
1323:                     l);}a:{p(l);}}p(l);dti=l;     E);N}K}N};S$        
1324: TNS_NORULECHAIN/NS_NORULE
1324: RESSTATE            
1324:                     (l);}a:{p(l);}}p(l);dti=l     E;N}K}N};S$         
1325: TNS_NORULECHAIN/NS_NORULE
1325: RESSTATE            
1325:                     p(l);}a:{p(l);}}p(l);dti=     N}K}N};S$           
1326: N->pE;              p(l);}a:{p(l);}}p(l);dti=     N}K}N};S$           
1326: SAVESTATE:          139
1326:                     p(l);}a:{p(l);}}p(l);dti=     pE;}K}N};S$         
1327:                     (l);}a:{p(l);}}p(l);dti=l     E;}K}N};S$          
1328: E->(E)M             (l);}a:{p(l);}}p(l);dti=l     E;}K}N};S$          
1328: SAVESTATE:          140
1328:                     (l);}a:{p(l);}}p(l);dti=l     (E)M;}K}N};S$       
1329:                     l);}a:{p(l);}}p(l);dti=l;     E)M;}K}N};S$        
1330: E->lM               l);}a:{p(l);}}p(l);dti=l;     E)M;}K}N};S$        
1330: SAVESTATE:          141
1330:                     l);}a:{p(l);}}p(l);dti=l;     lM)M;}K}N};S$       
1331:                     );}a:{p(l);}}p(l);dti=l;s     M)M;}K}N};S$        
1332: TNS_NORULECHAIN/NS_NORULE
1332: RESSTATE            
1332:                     l);}a:{p(l);}}p(l);dti=l;     E)M;}K}N};S$        
1333: E->l                l);}a:{p(l);}}p(l);dti=l;     E)M;}K}N};S$        
1333: SAVESTATE:          141
1333:                     l);}a:{p(l);}}p(l);dti=l;     l)M;}K}N};S$        
1334:                     );}a:{p(l);}}p(l);dti=l;s     )M;}K}N};S$         
1335:                     ;}a:{p(l);}}p(l);dti=l;s(     M;}K}N};S$          
1336: TNS_NORULECHAIN/NS_NORULE
1336: RESSTATE            
1336:                     l);}a:{p(l);}}p(l);dti=l;     E)M;}K}N};S$        
1337: TNS_NORULECHAIN/NS_NORULE
1337: RESSTATE            
1337:                     (l);}a:{p(l);}}p(l);dti=l     E;}K}N};S$          
1338: E->(E)              (l);}a:{p(l);}}p(l);dti=l     E;}K}N};S$          
1338: SAVESTATE:          140
1338:                     (l);}a:{p(l);}}p(l);dti=l     (E);}K}N};S$        
1339:                     l);}a:{p(l);}}p(l);dti=l;     E);}K}N};S$         
1340: E->lM               l);}a:{p(l);}}p(l);dti=l;     E);}K}N};S$         
1340: SAVESTATE:          141
1340:                     l);}a:{p(l);}}p(l);dti=l;     lM);}K}N};S$        
1341:                     );}a:{p(l);}}p(l);dti=l;s     M);}K}N};S$         
1342: TNS_NORULECHAIN/NS_NORULE
1342: RESSTATE            
1342:                     l);}a:{p(l);}}p(l);dti=l;     E);}K}N};S$         
1343: E->l                l);}a:{p(l);}}p(l);dti=l;     E);}K}N};S$         
1343: SAVESTATE:          141
1343:                     l);}a:{p(l);}}p(l);dti=l;     l);}K}N};S$         
1344:                     );}a:{p(l);}}p(l);dti=l;s     );}K}N};S$          
1345:                     ;}a:{p(l);}}p(l);dti=l;s(     ;}K}N};S$           
1346:                     }a:{p(l);}}p(l);dti=l;s(i     }K}N};S$            
1347:                     a:{p(l);}}p(l);dti=l;s(ib     K}N};S$             
1348: K->a:{N}K           a:{p(l);}}p(l);dti=l;s(ib     K}N};S$             
1348: SAVESTATE:          142
1348:                     a:{p(l);}}p(l);dti=l;s(ib     a:{N}K}N};S$        
1349:                     :{p(l);}}p(l);dti=l;s(ibl     :{N}K}N};S$         
1350:                     {p(l);}}p(l);dti=l;s(ibl)     {N}K}N};S$          
1351:                     p(l);}}p(l);dti=l;s(ibl){     N}K}N};S$           
1352: N->pE;N             p(l);}}p(l);dti=l;s(ibl){     N}K}N};S$           
1352: SAVESTATE:          143
1352:                     p(l);}}p(l);dti=l;s(ibl){     pE;N}K}N};S$        
1353:                     (l);}}p(l);dti=l;s(ibl){i     E;N}K}N};S$         
1354: E->(E)M             (l);}}p(l);dti=l;s(ibl){i     E;N}K}N};S$         
1354: SAVESTATE:          144
1354:                     (l);}}p(l);dti=l;s(ibl){i     (E)M;N}K}N};S$      
1355:                     l);}}p(l);dti=l;s(ibl){i=     E)M;N}K}N};S$       
1356: E->lM               l);}}p(l);dti=l;s(ibl){i=     E)M;N}K}N};S$       
1356: SAVESTATE:          145
1356:                     l);}}p(l);dti=l;s(ibl){i=     lM)M;N}K}N};S$      
1357:                     );}}p(l);dti=l;s(ibl){i=l     M)M;N}K}N};S$       
1358: TNS_NORULECHAIN/NS_NORULE
1358: RESSTATE            
1358:                     l);}}p(l);dti=l;s(ibl){i=     E)M;N}K}N};S$       
1359: E->l                l);}}p(l);dti=l;s(ibl){i=     E)M;N}K}N};S$       
1359: SAVESTATE:          145
1359:                     l);}}p(l);dti=l;s(ibl){i=     l)M;N}K}N};S$       
1360:                     );}}p(l);dti=l;s(ibl){i=l     )M;N}K}N};S$        
1361:                     ;}}p(l);dti=l;s(ibl){i=l;     M;N}K}N};S$         
1362: TNS_NORULECHAIN/NS_NORULE
1362: RESSTATE            
1362:                     l);}}p(l);dti=l;s(ibl){i=     E)M;N}K}N};S$       
1363: TNS_NORULECHAIN/NS_NORULE
1363: RESSTATE            
1363:                     (l);}}p(l);dti=l;s(ibl){i     E;N}K}N};S$         
1364: E->(E)              (l);}}p(l);dti=l;s(ibl){i     E;N}K}N};S$         
1364: SAVESTATE:          144
1364:                     (l);}}p(l);dti=l;s(ibl){i     (E);N}K}N};S$       
1365:                     l);}}p(l);dti=l;s(ibl){i=     E);N}K}N};S$        
1366: E->lM               l);}}p(l);dti=l;s(ibl){i=     E);N}K}N};S$        
1366: SAVESTATE:          145
1366:                     l);}}p(l);dti=l;s(ibl){i=     lM);N}K}N};S$       
1367:                     );}}p(l);dti=l;s(ibl){i=l     M);N}K}N};S$        
1368: TNS_NORULECHAIN/NS_NORULE
1368: RESSTATE            
1368:                     l);}}p(l);dti=l;s(ibl){i=     E);N}K}N};S$        
1369: E->l                l);}}p(l);dti=l;s(ibl){i=     E);N}K}N};S$        
1369: SAVESTATE:          145
1369:                     l);}}p(l);dti=l;s(ibl){i=     l);N}K}N};S$        
1370:                     );}}p(l);dti=l;s(ibl){i=l     );N}K}N};S$         
1371:                     ;}}p(l);dti=l;s(ibl){i=l;     ;N}K}N};S$          
1372:                     }}p(l);dti=l;s(ibl){i=l;p     N}K}N};S$           
1373: TNS_NORULECHAIN/NS_NORULE
1373: RESSTATE            
1373:                     l);}}p(l);dti=l;s(ibl){i=     E);N}K}N};S$        
1374: TNS_NORULECHAIN/NS_NORULE
1374: RESSTATE            
1374:                     (l);}}p(l);dti=l;s(ibl){i     E;N}K}N};S$         
1375: TNS_NORULECHAIN/NS_NORULE
1375: RESSTATE            
1375:                     p(l);}}p(l);dti=l;s(ibl){     N}K}N};S$           
1376: N->pE;              p(l);}}p(l);dti=l;s(ibl){     N}K}N};S$           
1376: SAVESTATE:          143
1376:                     p(l);}}p(l);dti=l;s(ibl){     pE;}K}N};S$         
1377:                     (l);}}p(l);dti=l;s(ibl){i     E;}K}N};S$          
1378: E->(E)M             (l);}}p(l);dti=l;s(ibl){i     E;}K}N};S$          
1378: SAVESTATE:          144
1378:                     (l);}}p(l);dti=l;s(ibl){i     (E)M;}K}N};S$       
1379:                     l);}}p(l);dti=l;s(ibl){i=     E)M;}K}N};S$        
1380: E->lM               l);}}p(l);dti=l;s(ibl){i=     E)M;}K}N};S$        
1380: SAVESTATE:          145
1380:                     l);}}p(l);dti=l;s(ibl){i=     lM)M;}K}N};S$       
1381:                     );}}p(l);dti=l;s(ibl){i=l     M)M;}K}N};S$        
1382: TNS_NORULECHAIN/NS_NORULE
1382: RESSTATE            
1382:                     l);}}p(l);dti=l;s(ibl){i=     E)M;}K}N};S$        
1383: E->l                l);}}p(l);dti=l;s(ibl){i=     E)M;}K}N};S$        
1383: SAVESTATE:          145
1383:                     l);}}p(l);dti=l;s(ibl){i=     l)M;}K}N};S$        
1384:                     );}}p(l);dti=l;s(ibl){i=l     )M;}K}N};S$         
1385:                     ;}}p(l);dti=l;s(ibl){i=l;     M;}K}N};S$          
1386: TNS_NORULECHAIN/NS_NORULE
1386: RESSTATE            
1386:                     l);}}p(l);dti=l;s(ibl){i=     E)M;}K}N};S$        
1387: TNS_NORULECHAIN/NS_NORULE
1387: RESSTATE            
1387:                     (l);}}p(l);dti=l;s(ibl){i     E;}K}N};S$          
1388: E->(E)              (l);}}p(l);dti=l;s(ibl){i     E;}K}N};S$          
1388: SAVESTATE:          144
1388:                     (l);}}p(l);dti=l;s(ibl){i     (E);}K}N};S$        
1389:                     l);}}p(l);dti=l;s(ibl){i=     E);}K}N};S$         
1390: E->lM               l);}}p(l);dti=l;s(ibl){i=     E);}K}N};S$         
1390: SAVESTATE:          145
1390:                     l);}}p(l);dti=l;s(ibl){i=     lM);}K}N};S$        
1391:                     );}}p(l);dti=l;s(ibl){i=l     M);}K}N};S$         
1392: TNS_NORULECHAIN/NS_NORULE
1392: RESSTATE            
1392:                     l);}}p(l);dti=l;s(ibl){i=     E);}K}N};S$         
1393: E->l                l);}}p(l);dti=l;s(ibl){i=     E);}K}N};S$         
1393: SAVESTATE:          145
1393:                     l);}}p(l);dti=l;s(ibl){i=     l);}K}N};S$         
1394:                     );}}p(l);dti=l;s(ibl){i=l     );}K}N};S$          
1395:                     ;}}p(l);dti=l;s(ibl){i=l;     ;}K}N};S$           
1396:                     }}p(l);dti=l;s(ibl){i=l;p     }K}N};S$            
1397:                     }p(l);dti=l;s(ibl){i=l;p(     K}N};S$             
1398: TNS_NORULECHAIN/NS_NORULE
1398: RESSTATE            
1398:                     l);}}p(l);dti=l;s(ibl){i=     E);}K}N};S$         
1399: TNS_NORULECHAIN/NS_NORULE
1399: RESSTATE            
1399:                     (l);}}p(l);dti=l;s(ibl){i     E;}K}N};S$          
1400: TNS_NORULECHAIN/NS_NORULE
1400: RESSTATE            
1400:                     p(l);}}p(l);dti=l;s(ibl){     N}K}N};S$           
1401: TNS_NORULECHAIN/NS_NORULE
1401: RESSTATE            
1401:                     a:{p(l);}}p(l);dti=l;s(ib     K}N};S$             
1402: K->a:{N}            a:{p(l);}}p(l);dti=l;s(ib     K}N};S$             
1402: SAVESTATE:          142
1402:                     a:{p(l);}}p(l);dti=l;s(ib     a:{N}}N};S$         
1403:                     :{p(l);}}p(l);dti=l;s(ibl     :{N}}N};S$          
1404:                     {p(l);}}p(l);dti=l;s(ibl)     {N}}N};S$           
1405:                     p(l);}}p(l);dti=l;s(ibl){     N}}N};S$            
1406: N->pE;N             p(l);}}p(l);dti=l;s(ibl){     N}}N};S$            
1406: SAVESTATE:          143
1406:                     p(l);}}p(l);dti=l;s(ibl){     pE;N}}N};S$         
1407:                     (l);}}p(l);dti=l;s(ibl){i     E;N}}N};S$          
1408: E->(E)M             (l);}}p(l);dti=l;s(ibl){i     E;N}}N};S$          
1408: SAVESTATE:          144
1408:                     (l);}}p(l);dti=l;s(ibl){i     (E)M;N}}N};S$       
1409:                     l);}}p(l);dti=l;s(ibl){i=     E)M;N}}N};S$        
1410: E->lM               l);}}p(l);dti=l;s(ibl){i=     E)M;N}}N};S$        
1410: SAVESTATE:          145
1410:                     l);}}p(l);dti=l;s(ibl){i=     lM)M;N}}N};S$       
1411:                     );}}p(l);dti=l;s(ibl){i=l     M)M;N}}N};S$        
1412: TNS_NORULECHAIN/NS_NORULE
1412: RESSTATE            
1412:                     l);}}p(l);dti=l;s(ibl){i=     E)M;N}}N};S$        
1413: E->l                l);}}p(l);dti=l;s(ibl){i=     E)M;N}}N};S$        
1413: SAVESTATE:          145
1413:                     l);}}p(l);dti=l;s(ibl){i=     l)M;N}}N};S$        
1414:                     );}}p(l);dti=l;s(ibl){i=l     )M;N}}N};S$         
1415:                     ;}}p(l);dti=l;s(ibl){i=l;     M;N}}N};S$          
1416: TNS_NORULECHAIN/NS_NORULE
1416: RESSTATE            
1416:                     l);}}p(l);dti=l;s(ibl){i=     E)M;N}}N};S$        
1417: TNS_NORULECHAIN/NS_NORULE
1417: RESSTATE            
1417:                     (l);}}p(l);dti=l;s(ibl){i     E;N}}N};S$          
1418: E->(E)              (l);}}p(l);dti=l;s(ibl){i     E;N}}N};S$          
1418: SAVESTATE:          144
1418:                     (l);}}p(l);dti=l;s(ibl){i     (E);N}}N};S$        
1419:                     l);}}p(l);dti=l;s(ibl){i=     E);N}}N};S$         
1420: E->lM               l);}}p(l);dti=l;s(ibl){i=     E);N}}N};S$         
1420: SAVESTATE:          145
1420:                     l);}}p(l);dti=l;s(ibl){i=     lM);N}}N};S$        
1421:                     );}}p(l);dti=l;s(ibl){i=l     M);N}}N};S$         
1422: TNS_NORULECHAIN/NS_NORULE
1422: RESSTATE            
1422:                     l);}}p(l);dti=l;s(ibl){i=     E);N}}N};S$         
1423: E->l                l);}}p(l);dti=l;s(ibl){i=     E);N}}N};S$         
1423: SAVESTATE:          145
1423:                     l);}}p(l);dti=l;s(ibl){i=     l);N}}N};S$         
1424:                     );}}p(l);dti=l;s(ibl){i=l     );N}}N};S$          
1425:                     ;}}p(l);dti=l;s(ibl){i=l;     ;N}}N};S$           
1426:                     }}p(l);dti=l;s(ibl){i=l;p     N}}N};S$            
1427: TNS_NORULECHAIN/NS_NORULE
1427: RESSTATE            
1427:                     l);}}p(l);dti=l;s(ibl){i=     E);N}}N};S$         
1428: TNS_NORULECHAIN/NS_NORULE
1428: RESSTATE            
1428:                     (l);}}p(l);dti=l;s(ibl){i     E;N}}N};S$          
1429: TNS_NORULECHAIN/NS_NORULE
1429: RESSTATE            
1429:                     p(l);}}p(l);dti=l;s(ibl){     N}}N};S$            
1430: N->pE;              p(l);}}p(l);dti=l;s(ibl){     N}}N};S$            
1430: SAVESTATE:          143
1430:                     p(l);}}p(l);dti=l;s(ibl){     pE;}}N};S$          
1431:                     (l);}}p(l);dti=l;s(ibl){i     E;}}N};S$           
1432: E->(E)M             (l);}}p(l);dti=l;s(ibl){i     E;}}N};S$           
1432: SAVESTATE:          144
1432:                     (l);}}p(l);dti=l;s(ibl){i     (E)M;}}N};S$        
1433:                     l);}}p(l);dti=l;s(ibl){i=     E)M;}}N};S$         
1434: E->lM               l);}}p(l);dti=l;s(ibl){i=     E)M;}}N};S$         
1434: SAVESTATE:          145
1434:                     l);}}p(l);dti=l;s(ibl){i=     lM)M;}}N};S$        
1435:                     );}}p(l);dti=l;s(ibl){i=l     M)M;}}N};S$         
1436: TNS_NORULECHAIN/NS_NORULE
1436: RESSTATE            
1436:                     l);}}p(l);dti=l;s(ibl){i=     E)M;}}N};S$         
1437: E->l                l);}}p(l);dti=l;s(ibl){i=     E)M;}}N};S$         
1437: SAVESTATE:          145
1437:                     l);}}p(l);dti=l;s(ibl){i=     l)M;}}N};S$         
1438:                     );}}p(l);dti=l;s(ibl){i=l     )M;}}N};S$          
1439:                     ;}}p(l);dti=l;s(ibl){i=l;     M;}}N};S$           
1440: TNS_NORULECHAIN/NS_NORULE
1440: RESSTATE            
1440:                     l);}}p(l);dti=l;s(ibl){i=     E)M;}}N};S$         
1441: TNS_NORULECHAIN/NS_NORULE
1441: RESSTATE            
1441:                     (l);}}p(l);dti=l;s(ibl){i     E;}}N};S$           
1442: E->(E)              (l);}}p(l);dti=l;s(ibl){i     E;}}N};S$           
1442: SAVESTATE:          144
1442:                     (l);}}p(l);dti=l;s(ibl){i     (E);}}N};S$         
1443:                     l);}}p(l);dti=l;s(ibl){i=     E);}}N};S$          
1444: E->lM               l);}}p(l);dti=l;s(ibl){i=     E);}}N};S$          
1444: SAVESTATE:          145
1444:                     l);}}p(l);dti=l;s(ibl){i=     lM);}}N};S$         
1445:                     );}}p(l);dti=l;s(ibl){i=l     M);}}N};S$          
1446: TNS_NORULECHAIN/NS_NORULE
1446: RESSTATE            
1446:                     l);}}p(l);dti=l;s(ibl){i=     E);}}N};S$          
1447: E->l                l);}}p(l);dti=l;s(ibl){i=     E);}}N};S$          
1447: SAVESTATE:          145
1447:                     l);}}p(l);dti=l;s(ibl){i=     l);}}N};S$          
1448:                     );}}p(l);dti=l;s(ibl){i=l     );}}N};S$           
1449:                     ;}}p(l);dti=l;s(ibl){i=l;     ;}}N};S$            
1450:                     }}p(l);dti=l;s(ibl){i=l;p     }}N};S$             
1451:                     }p(l);dti=l;s(ibl){i=l;p(     }N};S$              
1452:                     p(l);dti=l;s(ibl){i=l;p(i     N};S$               
1453: N->pE;N             p(l);dti=l;s(ibl){i=l;p(i     N};S$               
1453: SAVESTATE:          146
1453:                     p(l);dti=l;s(ibl){i=l;p(i     pE;N};S$            
1454:                     (l);dti=l;s(ibl){i=l;p(i)     E;N};S$             
1455: E->(E)M             (l);dti=l;s(ibl){i=l;p(i)     E;N};S$             
1455: SAVESTATE:          147
1455:                     (l);dti=l;s(ibl){i=l;p(i)     (E)M;N};S$          
1456:                     l);dti=l;s(ibl){i=l;p(i);     E)M;N};S$           
1457: E->lM               l);dti=l;s(ibl){i=l;p(i);     E)M;N};S$           
1457: SAVESTATE:          148
1457:                     l);dti=l;s(ibl){i=l;p(i);     lM)M;N};S$          
1458:                     );dti=l;s(ibl){i=l;p(i);}     M)M;N};S$           
1459: TNS_NORULECHAIN/NS_NORULE
1459: RESSTATE            
1459:                     l);dti=l;s(ibl){i=l;p(i);     E)M;N};S$           
1460: E->l                l);dti=l;s(ibl){i=l;p(i);     E)M;N};S$           
1460: SAVESTATE:          148
1460:                     l);dti=l;s(ibl){i=l;p(i);     l)M;N};S$           
1461:                     );dti=l;s(ibl){i=l;p(i);}     )M;N};S$            
1462:                     ;dti=l;s(ibl){i=l;p(i);}e     M;N};S$             
1463: TNS_NORULECHAIN/NS_NORULE
1463: RESSTATE            
1463:                     l);dti=l;s(ibl){i=l;p(i);     E)M;N};S$           
1464: TNS_NORULECHAIN/NS_NORULE
1464: RESSTATE            
1464:                     (l);dti=l;s(ibl){i=l;p(i)     E;N};S$             
1465: E->(E)              (l);dti=l;s(ibl){i=l;p(i)     E;N};S$             
1465: SAVESTATE:          147
1465:                     (l);dti=l;s(ibl){i=l;p(i)     (E);N};S$           
1466:                     l);dti=l;s(ibl){i=l;p(i);     E);N};S$            
1467: E->lM               l);dti=l;s(ibl){i=l;p(i);     E);N};S$            
1467: SAVESTATE:          148
1467:                     l);dti=l;s(ibl){i=l;p(i);     lM);N};S$           
1468:                     );dti=l;s(ibl){i=l;p(i);}     M);N};S$            
1469: TNS_NORULECHAIN/NS_NORULE
1469: RESSTATE            
1469:                     l);dti=l;s(ibl){i=l;p(i);     E);N};S$            
1470: E->l                l);dti=l;s(ibl){i=l;p(i);     E);N};S$            
1470: SAVESTATE:          148
1470:                     l);dti=l;s(ibl){i=l;p(i);     l);N};S$            
1471:                     );dti=l;s(ibl){i=l;p(i);}     );N};S$             
1472:                     ;dti=l;s(ibl){i=l;p(i);}e     ;N};S$              
1473:                     dti=l;s(ibl){i=l;p(i);}e{     N};S$               
1474: N->dti=E;N          dti=l;s(ibl){i=l;p(i);}e{     N};S$               
1474: SAVESTATE:          149
1474:                     dti=l;s(ibl){i=l;p(i);}e{     dti=E;N};S$         
1475:                     ti=l;s(ibl){i=l;p(i);}e{p     ti=E;N};S$          
1476:                     i=l;s(ibl){i=l;p(i);}e{p(     i=E;N};S$           
1477:                     =l;s(ibl){i=l;p(i);}e{p(i     =E;N};S$            
1478:                     l;s(ibl){i=l;p(i);}e{p(i)     E;N};S$             
1479: E->lM               l;s(ibl){i=l;p(i);}e{p(i)     E;N};S$             
1479: SAVESTATE:          150
1479:                     l;s(ibl){i=l;p(i);}e{p(i)     lM;N};S$            
1480:                     ;s(ibl){i=l;p(i);}e{p(i);     M;N};S$             
1481: TNS_NORULECHAIN/NS_NORULE
1481: RESSTATE            
1481:                     l;s(ibl){i=l;p(i);}e{p(i)     E;N};S$             
1482: E->l                l;s(ibl){i=l;p(i);}e{p(i)     E;N};S$             
1482: SAVESTATE:          150
1482:                     l;s(ibl){i=l;p(i);}e{p(i)     l;N};S$             
1483:                     ;s(ibl){i=l;p(i);}e{p(i);     ;N};S$              
1484:                     s(ibl){i=l;p(i);}e{p(i);}     N};S$               
1485: N->s(B){N}e{N}N     s(ibl){i=l;p(i);}e{p(i);}     N};S$               
1485: SAVESTATE:          151
1485:                     s(ibl){i=l;p(i);}e{p(i);}     s(B){N}e{N}N};S$    
1486:                     (ibl){i=l;p(i);}e{p(i);}p     (B){N}e{N}N};S$     
1487:                     ibl){i=l;p(i);}e{p(i);}p(     B){N}e{N}N};S$      
1488: B->ibi              ibl){i=l;p(i);}e{p(i);}p(     B){N}e{N}N};S$      
1488: SAVESTATE:          152
1488:                     ibl){i=l;p(i);}e{p(i);}p(     ibi){N}e{N}N};S$    
1489:                     bl){i=l;p(i);}e{p(i);}p(l     bi){N}e{N}N};S$     
1490:                     l){i=l;p(i);}e{p(i);}p(l)     i){N}e{N}N};S$      
1491: TS_NOK / NS_NORULECHAIN
1491: RESSTATE            
1491:                     ibl){i=l;p(i);}e{p(i);}p(     B){N}e{N}N};S$      
1492: B->ibl              ibl){i=l;p(i);}e{p(i);}p(     B){N}e{N}N};S$      
1492: SAVESTATE:          152
1492:                     ibl){i=l;p(i);}e{p(i);}p(     ibl){N}e{N}N};S$    
1493:                     bl){i=l;p(i);}e{p(i);}p(l     bl){N}e{N}N};S$     
1494:                     l){i=l;p(i);}e{p(i);}p(l)     l){N}e{N}N};S$      
1495:                     ){i=l;p(i);}e{p(i);}p(l);     ){N}e{N}N};S$       
1496:                     {i=l;p(i);}e{p(i);}p(l);d     {N}e{N}N};S$        
1497:                     i=l;p(i);}e{p(i);}p(l);dt     N}e{N}N};S$         
1498: N->i=E;N            i=l;p(i);}e{p(i);}p(l);dt     N}e{N}N};S$         
1498: SAVESTATE:          153
1498:                     i=l;p(i);}e{p(i);}p(l);dt     i=E;N}e{N}N};S$     
1499:                     =l;p(i);}e{p(i);}p(l);dti     =E;N}e{N}N};S$      
1500:                     l;p(i);}e{p(i);}p(l);dti=     E;N}e{N}N};S$       
1501: E->lM               l;p(i);}e{p(i);}p(l);dti=     E;N}e{N}N};S$       
1501: SAVESTATE:          154
1501:                     l;p(i);}e{p(i);}p(l);dti=     lM;N}e{N}N};S$      
1502:                     ;p(i);}e{p(i);}p(l);dti=l     M;N}e{N}N};S$       
1503: TNS_NORULECHAIN/NS_NORULE
1503: RESSTATE            
1503:                     l;p(i);}e{p(i);}p(l);dti=     E;N}e{N}N};S$       
1504: E->l                l;p(i);}e{p(i);}p(l);dti=     E;N}e{N}N};S$       
1504: SAVESTATE:          154
1504:                     l;p(i);}e{p(i);}p(l);dti=     l;N}e{N}N};S$       
1505:                     ;p(i);}e{p(i);}p(l);dti=l     ;N}e{N}N};S$        
1506:                     p(i);}e{p(i);}p(l);dti=l;     N}e{N}N};S$         
1507: N->pE;N             p(i);}e{p(i);}p(l);dti=l;     N}e{N}N};S$         
1507: SAVESTATE:          155
1507:                     p(i);}e{p(i);}p(l);dti=l;     pE;N}e{N}N};S$      
1508:                     (i);}e{p(i);}p(l);dti=l;h     E;N}e{N}N};S$       
1509: E->(E)M             (i);}e{p(i);}p(l);dti=l;h     E;N}e{N}N};S$       
1509: SAVESTATE:          156
1509:                     (i);}e{p(i);}p(l);dti=l;h     (E)M;N}e{N}N};S$    
1510:                     i);}e{p(i);}p(l);dti=l;h(     E)M;N}e{N}N};S$     
1511: E->i(W)M            i);}e{p(i);}p(l);dti=l;h(     E)M;N}e{N}N};S$     
1511: SAVESTATE:          157
1511:                     i);}e{p(i);}p(l);dti=l;h(     i(W)M)M;N}e{N}N};S$ 
1512:                     );}e{p(i);}p(l);dti=l;h(i     (W)M)M;N}e{N}N};S$  
1513: TS_NOK / NS_NORULECHAIN
1513: RESSTATE            
1513:                     i);}e{p(i);}p(l);dti=l;h(     E)M;N}e{N}N};S$     
1514: E->i(W)             i);}e{p(i);}p(l);dti=l;h(     E)M;N}e{N}N};S$     
1514: SAVESTATE:          157
1514:                     i);}e{p(i);}p(l);dti=l;h(     i(W))M;N}e{N}N};S$  
1515:                     );}e{p(i);}p(l);dti=l;h(i     (W))M;N}e{N}N};S$   
1516: TS_NOK / NS_NORULECHAIN
1516: RESSTATE            
1516:                     i);}e{p(i);}p(l);dti=l;h(     E)M;N}e{N}N};S$     
1517: E->iM               i);}e{p(i);}p(l);dti=l;h(     E)M;N}e{N}N};S$     
1517: SAVESTATE:          157
1517:                     i);}e{p(i);}p(l);dti=l;h(     iM)M;N}e{N}N};S$    
1518:                     );}e{p(i);}p(l);dti=l;h(i     M)M;N}e{N}N};S$     
1519: TNS_NORULECHAIN/NS_NORULE
1519: RESSTATE            
1519:                     i);}e{p(i);}p(l);dti=l;h(     E)M;N}e{N}N};S$     
1520: E->i                i);}e{p(i);}p(l);dti=l;h(     E)M;N}e{N}N};S$     
1520: SAVESTATE:          157
1520:                     i);}e{p(i);}p(l);dti=l;h(     i)M;N}e{N}N};S$     
1521:                     );}e{p(i);}p(l);dti=l;h(i     )M;N}e{N}N};S$      
1522:                     ;}e{p(i);}p(l);dti=l;h(i)     M;N}e{N}N};S$       
1523: TNS_NORULECHAIN/NS_NORULE
1523: RESSTATE            
1523:                     i);}e{p(i);}p(l);dti=l;h(     E)M;N}e{N}N};S$     
1524: TNS_NORULECHAIN/NS_NORULE
1524: RESSTATE            
1524:                     (i);}e{p(i);}p(l);dti=l;h     E;N}e{N}N};S$       
1525: E->(E)              (i);}e{p(i);}p(l);dti=l;h     E;N}e{N}N};S$       
1525: SAVESTATE:          156
1525:                     (i);}e{p(i);}p(l);dti=l;h     (E);N}e{N}N};S$     
1526:                     i);}e{p(i);}p(l);dti=l;h(     E);N}e{N}N};S$      
1527: E->i(W)M            i);}e{p(i);}p(l);dti=l;h(     E);N}e{N}N};S$      
1527: SAVESTATE:          157
1527:                     i);}e{p(i);}p(l);dti=l;h(     i(W)M);N}e{N}N};S$  
1528:                     );}e{p(i);}p(l);dti=l;h(i     (W)M);N}e{N}N};S$   
1529: TS_NOK / NS_NORULECHAIN
1529: RESSTATE            
1529:                     i);}e{p(i);}p(l);dti=l;h(     E);N}e{N}N};S$      
1530: E->i(W)             i);}e{p(i);}p(l);dti=l;h(     E);N}e{N}N};S$      
1530: SAVESTATE:          157
1530:                     i);}e{p(i);}p(l);dti=l;h(     i(W));N}e{N}N};S$   
1531:                     );}e{p(i);}p(l);dti=l;h(i     (W));N}e{N}N};S$    
1532: TS_NOK / NS_NORULECHAIN
1532: RESSTATE            
1532:                     i);}e{p(i);}p(l);dti=l;h(     E);N}e{N}N};S$      
1533: E->iM               i);}e{p(i);}p(l);dti=l;h(     E);N}e{N}N};S$      
1533: SAVESTATE:          157
1533:                     i);}e{p(i);}p(l);dti=l;h(     iM);N}e{N}N};S$     
1534:                     );}e{p(i);}p(l);dti=l;h(i     M);N}e{N}N};S$      
1535: TNS_NORULECHAIN/NS_NORULE
1535: RESSTATE            
1535:                     i);}e{p(i);}p(l);dti=l;h(     E);N}e{N}N};S$      
1536: E->i                i);}e{p(i);}p(l);dti=l;h(     E);N}e{N}N};S$      
1536: SAVESTATE:          157
1536:                     i);}e{p(i);}p(l);dti=l;h(     i);N}e{N}N};S$      
1537:                     );}e{p(i);}p(l);dti=l;h(i     );N}e{N}N};S$       
1538:                     ;}e{p(i);}p(l);dti=l;h(i)     ;N}e{N}N};S$        
1539:                     }e{p(i);}p(l);dti=l;h(i){     N}e{N}N};S$         
1540: TNS_NORULECHAIN/NS_NORULE
1540: RESSTATE            
1540:                     i);}e{p(i);}p(l);dti=l;h(     E);N}e{N}N};S$      
1541: TNS_NORULECHAIN/NS_NORULE
1541: RESSTATE            
1541:                     (i);}e{p(i);}p(l);dti=l;h     E;N}e{N}N};S$       
1542: TNS_NORULECHAIN/NS_NORULE
1542: RESSTATE            
1542:                     p(i);}e{p(i);}p(l);dti=l;     N}e{N}N};S$         
1543: N->pE;              p(i);}e{p(i);}p(l);dti=l;     N}e{N}N};S$         
1543: SAVESTATE:          155
1543:                     p(i);}e{p(i);}p(l);dti=l;     pE;}e{N}N};S$       
1544:                     (i);}e{p(i);}p(l);dti=l;h     E;}e{N}N};S$        
1545: E->(E)M             (i);}e{p(i);}p(l);dti=l;h     E;}e{N}N};S$        
1545: SAVESTATE:          156
1545:                     (i);}e{p(i);}p(l);dti=l;h     (E)M;}e{N}N};S$     
1546:                     i);}e{p(i);}p(l);dti=l;h(     E)M;}e{N}N};S$      
1547: E->i(W)M            i);}e{p(i);}p(l);dti=l;h(     E)M;}e{N}N};S$      
1547: SAVESTATE:          157
1547:                     i);}e{p(i);}p(l);dti=l;h(     i(W)M)M;}e{N}N};S$  
1548:                     );}e{p(i);}p(l);dti=l;h(i     (W)M)M;}e{N}N};S$   
1549: TS_NOK / NS_NORULECHAIN
1549: RESSTATE            
1549:                     i);}e{p(i);}p(l);dti=l;h(     E)M;}e{N}N};S$      
1550: E->i(W)             i);}e{p(i);}p(l);dti=l;h(     E)M;}e{N}N};S$      
1550: SAVESTATE:          157
1550:                     i);}e{p(i);}p(l);dti=l;h(     i(W))M;}e{N}N};S$   
1551:                     );}e{p(i);}p(l);dti=l;h(i     (W))M;}e{N}N};S$    
1552: TS_NOK / NS_NORULECHAIN
1552: RESSTATE            
1552:                     i);}e{p(i);}p(l);dti=l;h(     E)M;}e{N}N};S$      
1553: E->iM               i);}e{p(i);}p(l);dti=l;h(     E)M;}e{N}N};S$      
1553: SAVESTATE:          157
1553:                     i);}e{p(i);}p(l);dti=l;h(     iM)M;}e{N}N};S$     
1554:                     );}e{p(i);}p(l);dti=l;h(i     M)M;}e{N}N};S$      
1555: TNS_NORULECHAIN/NS_NORULE
1555: RESSTATE            
1555:                     i);}e{p(i);}p(l);dti=l;h(     E)M;}e{N}N};S$      
1556: E->i                i);}e{p(i);}p(l);dti=l;h(     E)M;}e{N}N};S$      
1556: SAVESTATE:          157
1556:                     i);}e{p(i);}p(l);dti=l;h(     i)M;}e{N}N};S$      
1557:                     );}e{p(i);}p(l);dti=l;h(i     )M;}e{N}N};S$       
1558:                     ;}e{p(i);}p(l);dti=l;h(i)     M;}e{N}N};S$        
1559: TNS_NORULECHAIN/NS_NORULE
1559: RESSTATE            
1559:                     i);}e{p(i);}p(l);dti=l;h(     E)M;}e{N}N};S$      
1560: TNS_NORULECHAIN/NS_NORULE
1560: RESSTATE            
1560:                     (i);}e{p(i);}p(l);dti=l;h     E;}e{N}N};S$        
1561: E->(E)              (i);}e{p(i);}p(l);dti=l;h     E;}e{N}N};S$        
1561: SAVESTATE:          156
1561:                     (i);}e{p(i);}p(l);dti=l;h     (E);}e{N}N};S$      
1562:                     i);}e{p(i);}p(l);dti=l;h(     E);}e{N}N};S$       
1563: E->i(W)M            i);}e{p(i);}p(l);dti=l;h(     E);}e{N}N};S$       
1563: SAVESTATE:          157
1563:                     i);}e{p(i);}p(l);dti=l;h(     i(W)M);}e{N}N};S$   
1564:                     );}e{p(i);}p(l);dti=l;h(i     (W)M);}e{N}N};S$    
1565: TS_NOK / NS_NORULECHAIN
1565: RESSTATE            
1565:                     i);}e{p(i);}p(l);dti=l;h(     E);}e{N}N};S$       
1566: E->i(W)             i);}e{p(i);}p(l);dti=l;h(     E);}e{N}N};S$       
1566: SAVESTATE:          157
1566:                     i);}e{p(i);}p(l);dti=l;h(     i(W));}e{N}N};S$    
1567:                     );}e{p(i);}p(l);dti=l;h(i     (W));}e{N}N};S$     
1568: TS_NOK / NS_NORULECHAIN
1568: RESSTATE            
1568:                     i);}e{p(i);}p(l);dti=l;h(     E);}e{N}N};S$       
1569: E->iM               i);}e{p(i);}p(l);dti=l;h(     E);}e{N}N};S$       
1569: SAVESTATE:          157
1569:                     i);}e{p(i);}p(l);dti=l;h(     iM);}e{N}N};S$      
1570:                     );}e{p(i);}p(l);dti=l;h(i     M);}e{N}N};S$       
1571: TNS_NORULECHAIN/NS_NORULE
1571: RESSTATE            
1571:                     i);}e{p(i);}p(l);dti=l;h(     E);}e{N}N};S$       
1572: E->i                i);}e{p(i);}p(l);dti=l;h(     E);}e{N}N};S$       
1572: SAVESTATE:          157
1572:                     i);}e{p(i);}p(l);dti=l;h(     i);}e{N}N};S$       
1573:                     );}e{p(i);}p(l);dti=l;h(i     );}e{N}N};S$        
1574:                     ;}e{p(i);}p(l);dti=l;h(i)     ;}e{N}N};S$         
1575:                     }e{p(i);}p(l);dti=l;h(i){     }e{N}N};S$          
1576:                     e{p(i);}p(l);dti=l;h(i){c     e{N}N};S$           
1577:                     {p(i);}p(l);dti=l;h(i){cl     {N}N};S$            
1578:                     p(i);}p(l);dti=l;h(i){cl:     N}N};S$             
1579: N->pE;N             p(i);}p(l);dti=l;h(i){cl:     N}N};S$             
1579: SAVESTATE:          158
1579:                     p(i);}p(l);dti=l;h(i){cl:     pE;N}N};S$          
1580:                     (i);}p(l);dti=l;h(i){cl:{     E;N}N};S$           
1581: E->(E)M             (i);}p(l);dti=l;h(i){cl:{     E;N}N};S$           
1581: SAVESTATE:          159
1581:                     (i);}p(l);dti=l;h(i){cl:{     (E)M;N}N};S$        
1582:                     i);}p(l);dti=l;h(i){cl:{p     E)M;N}N};S$         
1583: E->i(W)M            i);}p(l);dti=l;h(i){cl:{p     E)M;N}N};S$         
1583: SAVESTATE:          160
1583:                     i);}p(l);dti=l;h(i){cl:{p     i(W)M)M;N}N};S$     
1584:                     );}p(l);dti=l;h(i){cl:{p(     (W)M)M;N}N};S$      
1585: TS_NOK / NS_NORULECHAIN
1585: RESSTATE            
1585:                     i);}p(l);dti=l;h(i){cl:{p     E)M;N}N};S$         
1586: E->i(W)             i);}p(l);dti=l;h(i){cl:{p     E)M;N}N};S$         
1586: SAVESTATE:          160
1586:                     i);}p(l);dti=l;h(i){cl:{p     i(W))M;N}N};S$      
1587:                     );}p(l);dti=l;h(i){cl:{p(     (W))M;N}N};S$       
1588: TS_NOK / NS_NORULECHAIN
1588: RESSTATE            
1588:                     i);}p(l);dti=l;h(i){cl:{p     E)M;N}N};S$         
1589: E->iM               i);}p(l);dti=l;h(i){cl:{p     E)M;N}N};S$         
1589: SAVESTATE:          160
1589:                     i);}p(l);dti=l;h(i){cl:{p     iM)M;N}N};S$        
1590:                     );}p(l);dti=l;h(i){cl:{p(     M)M;N}N};S$         
1591: TNS_NORULECHAIN/NS_NORULE
1591: RESSTATE            
1591:                     i);}p(l);dti=l;h(i){cl:{p     E)M;N}N};S$         
1592: E->i                i);}p(l);dti=l;h(i){cl:{p     E)M;N}N};S$         
1592: SAVESTATE:          160
1592:                     i);}p(l);dti=l;h(i){cl:{p     i)M;N}N};S$         
1593:                     );}p(l);dti=l;h(i){cl:{p(     )M;N}N};S$          
1594:                     ;}p(l);dti=l;h(i){cl:{p(l     M;N}N};S$           
1595: TNS_NORULECHAIN/NS_NORULE
1595: RESSTATE            
1595:                     i);}p(l);dti=l;h(i){cl:{p     E)M;N}N};S$         
1596: TNS_NORULECHAIN/NS_NORULE
1596: RESSTATE            
1596:                     (i);}p(l);dti=l;h(i){cl:{     E;N}N};S$           
1597: E->(E)              (i);}p(l);dti=l;h(i){cl:{     E;N}N};S$           
1597: SAVESTATE:          159
1597:                     (i);}p(l);dti=l;h(i){cl:{     (E);N}N};S$         
1598:                     i);}p(l);dti=l;h(i){cl:{p     E);N}N};S$          
1599: E->i(W)M            i);}p(l);dti=l;h(i){cl:{p     E);N}N};S$          
1599: SAVESTATE:          160
1599:                     i);}p(l);dti=l;h(i){cl:{p     i(W)M);N}N};S$      
1600:                     );}p(l);dti=l;h(i){cl:{p(     (W)M);N}N};S$       
1601: TS_NOK / NS_NORULECHAIN
1601: RESSTATE            
1601:                     i);}p(l);dti=l;h(i){cl:{p     E);N}N};S$          
1602: E->i(W)             i);}p(l);dti=l;h(i){cl:{p     E);N}N};S$          
1602: SAVESTATE:          160
1602:                     i);}p(l);dti=l;h(i){cl:{p     i(W));N}N};S$       
1603:                     );}p(l);dti=l;h(i){cl:{p(     (W));N}N};S$        
1604: TS_NOK / NS_NORULECHAIN
1604: RESSTATE            
1604:                     i);}p(l);dti=l;h(i){cl:{p     E);N}N};S$          
1605: E->iM               i);}p(l);dti=l;h(i){cl:{p     E);N}N};S$          
1605: SAVESTATE:          160
1605:                     i);}p(l);dti=l;h(i){cl:{p     iM);N}N};S$         
1606:                     );}p(l);dti=l;h(i){cl:{p(     M);N}N};S$          
1607: TNS_NORULECHAIN/NS_NORULE
1607: RESSTATE            
1607:                     i);}p(l);dti=l;h(i){cl:{p     E);N}N};S$          
1608: E->i                i);}p(l);dti=l;h(i){cl:{p     E);N}N};S$          
1608: SAVESTATE:          160
1608:                     i);}p(l);dti=l;h(i){cl:{p     i);N}N};S$          
1609:                     );}p(l);dti=l;h(i){cl:{p(     );N}N};S$           
1610:                     ;}p(l);dti=l;h(i){cl:{p(l     ;N}N};S$            
1611:                     }p(l);dti=l;h(i){cl:{p(l)     N}N};S$             
1612: TNS_NORULECHAIN/NS_NORULE
1612: RESSTATE            
1612:                     i);}p(l);dti=l;h(i){cl:{p     E);N}N};S$          
1613: TNS_NORULECHAIN/NS_NORULE
1613: RESSTATE            
1613:                     (i);}p(l);dti=l;h(i){cl:{     E;N}N};S$           
1614: TNS_NORULECHAIN/NS_NORULE
1614: RESSTATE            
1614:                     p(i);}p(l);dti=l;h(i){cl:     N}N};S$             
1615: N->pE;              p(i);}p(l);dti=l;h(i){cl:     N}N};S$             
1615: SAVESTATE:          158
1615:                     p(i);}p(l);dti=l;h(i){cl:     pE;}N};S$           
1616:                     (i);}p(l);dti=l;h(i){cl:{     E;}N};S$            
1617: E->(E)M             (i);}p(l);dti=l;h(i){cl:{     E;}N};S$            
1617: SAVESTATE:          159
1617:                     (i);}p(l);dti=l;h(i){cl:{     (E)M;}N};S$         
1618:                     i);}p(l);dti=l;h(i){cl:{p     E)M;}N};S$          
1619: E->i(W)M            i);}p(l);dti=l;h(i){cl:{p     E)M;}N};S$          
1619: SAVESTATE:          160
1619:                     i);}p(l);dti=l;h(i){cl:{p     i(W)M)M;}N};S$      
1620:                     );}p(l);dti=l;h(i){cl:{p(     (W)M)M;}N};S$       
1621: TS_NOK / NS_NORULECHAIN
1621: RESSTATE            
1621:                     i);}p(l);dti=l;h(i){cl:{p     E)M;}N};S$          
1622: E->i(W)             i);}p(l);dti=l;h(i){cl:{p     E)M;}N};S$          
1622: SAVESTATE:          160
1622:                     i);}p(l);dti=l;h(i){cl:{p     i(W))M;}N};S$       
1623:                     );}p(l);dti=l;h(i){cl:{p(     (W))M;}N};S$        
1624: TS_NOK / NS_NORULECHAIN
1624: RESSTATE            
1624:                     i);}p(l);dti=l;h(i){cl:{p     E)M;}N};S$          
1625: E->iM               i);}p(l);dti=l;h(i){cl:{p     E)M;}N};S$          
1625: SAVESTATE:          160
1625:                     i);}p(l);dti=l;h(i){cl:{p     iM)M;}N};S$         
1626:                     );}p(l);dti=l;h(i){cl:{p(     M)M;}N};S$          
1627: TNS_NORULECHAIN/NS_NORULE
1627: RESSTATE            
1627:                     i);}p(l);dti=l;h(i){cl:{p     E)M;}N};S$          
1628: E->i                i);}p(l);dti=l;h(i){cl:{p     E)M;}N};S$          
1628: SAVESTATE:          160
1628:                     i);}p(l);dti=l;h(i){cl:{p     i)M;}N};S$          
1629:                     );}p(l);dti=l;h(i){cl:{p(     )M;}N};S$           
1630:                     ;}p(l);dti=l;h(i){cl:{p(l     M;}N};S$            
1631: TNS_NORULECHAIN/NS_NORULE
1631: RESSTATE            
1631:                     i);}p(l);dti=l;h(i){cl:{p     E)M;}N};S$          
1632: TNS_NORULECHAIN/NS_NORULE
1632: RESSTATE            
1632:                     (i);}p(l);dti=l;h(i){cl:{     E;}N};S$            
1633: E->(E)              (i);}p(l);dti=l;h(i){cl:{     E;}N};S$            
1633: SAVESTATE:          159
1633:                     (i);}p(l);dti=l;h(i){cl:{     (E);}N};S$          
1634:                     i);}p(l);dti=l;h(i){cl:{p     E);}N};S$           
1635: E->i(W)M            i);}p(l);dti=l;h(i){cl:{p     E);}N};S$           
1635: SAVESTATE:          160
1635:                     i);}p(l);dti=l;h(i){cl:{p     i(W)M);}N};S$       
1636:                     );}p(l);dti=l;h(i){cl:{p(     (W)M);}N};S$        
1637: TS_NOK / NS_NORULECHAIN
1637: RESSTATE            
1637:                     i);}p(l);dti=l;h(i){cl:{p     E);}N};S$           
1638: E->i(W)             i);}p(l);dti=l;h(i){cl:{p     E);}N};S$           
1638: SAVESTATE:          160
1638:                     i);}p(l);dti=l;h(i){cl:{p     i(W));}N};S$        
1639:                     );}p(l);dti=l;h(i){cl:{p(     (W));}N};S$         
1640: TS_NOK / NS_NORULECHAIN
1640: RESSTATE            
1640:                     i);}p(l);dti=l;h(i){cl:{p     E);}N};S$           
1641: E->iM               i);}p(l);dti=l;h(i){cl:{p     E);}N};S$           
1641: SAVESTATE:          160
1641:                     i);}p(l);dti=l;h(i){cl:{p     iM);}N};S$          
1642:                     );}p(l);dti=l;h(i){cl:{p(     M);}N};S$           
1643: TNS_NORULECHAIN/NS_NORULE
1643: RESSTATE            
1643:                     i);}p(l);dti=l;h(i){cl:{p     E);}N};S$           
1644: E->i                i);}p(l);dti=l;h(i){cl:{p     E);}N};S$           
1644: SAVESTATE:          160
1644:                     i);}p(l);dti=l;h(i){cl:{p     i);}N};S$           
1645:                     );}p(l);dti=l;h(i){cl:{p(     );}N};S$            
1646:                     ;}p(l);dti=l;h(i){cl:{p(l     ;}N};S$             
1647:                     }p(l);dti=l;h(i){cl:{p(l)     }N};S$              
1648:                     p(l);dti=l;h(i){cl:{p(l);     N};S$               
1649: N->pE;N             p(l);dti=l;h(i){cl:{p(l);     N};S$               
1649: SAVESTATE:          161
1649:                     p(l);dti=l;h(i){cl:{p(l);     pE;N};S$            
1650:                     (l);dti=l;h(i){cl:{p(l);s     E;N};S$             
1651: E->(E)M             (l);dti=l;h(i){cl:{p(l);s     E;N};S$             
1651: SAVESTATE:          162
1651:                     (l);dti=l;h(i){cl:{p(l);s     (E)M;N};S$          
1652:                     l);dti=l;h(i){cl:{p(l);s(     E)M;N};S$           
1653: E->lM               l);dti=l;h(i){cl:{p(l);s(     E)M;N};S$           
1653: SAVESTATE:          163
1653:                     l);dti=l;h(i){cl:{p(l);s(     lM)M;N};S$          
1654:                     );dti=l;h(i){cl:{p(l);s(i     M)M;N};S$           
1655: TNS_NORULECHAIN/NS_NORULE
1655: RESSTATE            
1655:                     l);dti=l;h(i){cl:{p(l);s(     E)M;N};S$           
1656: E->l                l);dti=l;h(i){cl:{p(l);s(     E)M;N};S$           
1656: SAVESTATE:          163
1656:                     l);dti=l;h(i){cl:{p(l);s(     l)M;N};S$           
1657:                     );dti=l;h(i){cl:{p(l);s(i     )M;N};S$            
1658:                     ;dti=l;h(i){cl:{p(l);s(ib     M;N};S$             
1659: TNS_NORULECHAIN/NS_NORULE
1659: RESSTATE            
1659:                     l);dti=l;h(i){cl:{p(l);s(     E)M;N};S$           
1660: TNS_NORULECHAIN/NS_NORULE
1660: RESSTATE            
1660:                     (l);dti=l;h(i){cl:{p(l);s     E;N};S$             
1661: E->(E)              (l);dti=l;h(i){cl:{p(l);s     E;N};S$             
1661: SAVESTATE:          162
1661:                     (l);dti=l;h(i){cl:{p(l);s     (E);N};S$           
1662:                     l);dti=l;h(i){cl:{p(l);s(     E);N};S$            
1663: E->lM               l);dti=l;h(i){cl:{p(l);s(     E);N};S$            
1663: SAVESTATE:          163
1663:                     l);dti=l;h(i){cl:{p(l);s(     lM);N};S$           
1664:                     );dti=l;h(i){cl:{p(l);s(i     M);N};S$            
1665: TNS_NORULECHAIN/NS_NORULE
1665: RESSTATE            
1665:                     l);dti=l;h(i){cl:{p(l);s(     E);N};S$            
1666: E->l                l);dti=l;h(i){cl:{p(l);s(     E);N};S$            
1666: SAVESTATE:          163
1666:                     l);dti=l;h(i){cl:{p(l);s(     l);N};S$            
1667:                     );dti=l;h(i){cl:{p(l);s(i     );N};S$             
1668:                     ;dti=l;h(i){cl:{p(l);s(ib     ;N};S$              
1669:                     dti=l;h(i){cl:{p(l);s(ibl     N};S$               
1670: N->dti=E;N          dti=l;h(i){cl:{p(l);s(ibl     N};S$               
1670: SAVESTATE:          164
1670:                     dti=l;h(i){cl:{p(l);s(ibl     dti=E;N};S$         
1671:                     ti=l;h(i){cl:{p(l);s(ibl)     ti=E;N};S$          
1672:                     i=l;h(i){cl:{p(l);s(ibl){     i=E;N};S$           
1673:                     =l;h(i){cl:{p(l);s(ibl){p     =E;N};S$            
1674:                     l;h(i){cl:{p(l);s(ibl){p(     E;N};S$             
1675: E->lM               l;h(i){cl:{p(l);s(ibl){p(     E;N};S$             
1675: SAVESTATE:          165
1675:                     l;h(i){cl:{p(l);s(ibl){p(     lM;N};S$            
1676:                     ;h(i){cl:{p(l);s(ibl){p(l     M;N};S$             
1677: TNS_NORULECHAIN/NS_NORULE
1677: RESSTATE            
1677:                     l;h(i){cl:{p(l);s(ibl){p(     E;N};S$             
1678: E->l                l;h(i){cl:{p(l);s(ibl){p(     E;N};S$             
1678: SAVESTATE:          165
1678:                     l;h(i){cl:{p(l);s(ibl){p(     l;N};S$             
1679:                     ;h(i){cl:{p(l);s(ibl){p(l     ;N};S$              
1680:                     h(i){cl:{p(l);s(ibl){p(l)     N};S$               
1681: N->h(i){K}N         h(i){cl:{p(l);s(ibl){p(l)     N};S$               
1681: SAVESTATE:          166
1681:                     h(i){cl:{p(l);s(ibl){p(l)     h(i){K}N};S$        
1682:                     (i){cl:{p(l);s(ibl){p(l);     (i){K}N};S$         
1683:                     i){cl:{p(l);s(ibl){p(l);}     i){K}N};S$          
1684:                     ){cl:{p(l);s(ibl){p(l);}}     ){K}N};S$           
1685:                     {cl:{p(l);s(ibl){p(l);}}a     {K}N};S$            
1686:                     cl:{p(l);s(ibl){p(l);}}a:     K}N};S$             
1687: K->cl:{N}K          cl:{p(l);s(ibl){p(l);}}a:     K}N};S$             
1687: SAVESTATE:          167
1687:                     cl:{p(l);s(ibl){p(l);}}a:     cl:{N}K}N};S$       
1688:                     l:{p(l);s(ibl){p(l);}}a:{     l:{N}K}N};S$        
1689:                     :{p(l);s(ibl){p(l);}}a:{p     :{N}K}N};S$         
1690:                     {p(l);s(ibl){p(l);}}a:{p(     {N}K}N};S$          
1691:                     p(l);s(ibl){p(l);}}a:{p(l     N}K}N};S$           
1692: N->pE;N             p(l);s(ibl){p(l);}}a:{p(l     N}K}N};S$           
1692: SAVESTATE:          168
1692:                     p(l);s(ibl){p(l);}}a:{p(l     pE;N}K}N};S$        
1693:                     (l);s(ibl){p(l);}}a:{p(l)     E;N}K}N};S$         
1694: E->(E)M             (l);s(ibl){p(l);}}a:{p(l)     E;N}K}N};S$         
1694: SAVESTATE:          169
1694:                     (l);s(ibl){p(l);}}a:{p(l)     (E)M;N}K}N};S$      
1695:                     l);s(ibl){p(l);}}a:{p(l);     E)M;N}K}N};S$       
1696: E->lM               l);s(ibl){p(l);}}a:{p(l);     E)M;N}K}N};S$       
1696: SAVESTATE:          170
1696:                     l);s(ibl){p(l);}}a:{p(l);     lM)M;N}K}N};S$      
1697:                     );s(ibl){p(l);}}a:{p(l);}     M)M;N}K}N};S$       
1698: TNS_NORULECHAIN/NS_NORULE
1698: RESSTATE            
1698:                     l);s(ibl){p(l);}}a:{p(l);     E)M;N}K}N};S$       
1699: E->l                l);s(ibl){p(l);}}a:{p(l);     E)M;N}K}N};S$       
1699: SAVESTATE:          170
1699:                     l);s(ibl){p(l);}}a:{p(l);     l)M;N}K}N};S$       
1700:                     );s(ibl){p(l);}}a:{p(l);}     )M;N}K}N};S$        
1701:                     ;s(ibl){p(l);}}a:{p(l);}}     M;N}K}N};S$         
1702: TNS_NORULECHAIN/NS_NORULE
1702: RESSTATE            
1702:                     l);s(ibl){p(l);}}a:{p(l);     E)M;N}K}N};S$       
1703: TNS_NORULECHAIN/NS_NORULE
1703: RESSTATE            
1703:                     (l);s(ibl){p(l);}}a:{p(l)     E;N}K}N};S$         
1704: E->(E)              (l);s(ibl){p(l);}}a:{p(l)     E;N}K}N};S$         
1704: SAVESTATE:          169
1704:                     (l);s(ibl){p(l);}}a:{p(l)     (E);N}K}N};S$       
1705:                     l);s(ibl){p(l);}}a:{p(l);     E);N}K}N};S$        
1706: E->lM               l);s(ibl){p(l);}}a:{p(l);     E);N}K}N};S$        
1706: SAVESTATE:          170
1706:                     l);s(ibl){p(l);}}a:{p(l);     lM);N}K}N};S$       
1707:                     );s(ibl){p(l);}}a:{p(l);}     M);N}K}N};S$        
1708: TNS_NORULECHAIN/NS_NORULE
1708: RESSTATE            
1708:                     l);s(ibl){p(l);}}a:{p(l);     E);N}K}N};S$        
1709: E->l                l);s(ibl){p(l);}}a:{p(l);     E);N}K}N};S$        
1709: SAVESTATE:          170
1709:                     l);s(ibl){p(l);}}a:{p(l);     l);N}K}N};S$        
1710:                     );s(ibl){p(l);}}a:{p(l);}     );N}K}N};S$         
1711:                     ;s(ibl){p(l);}}a:{p(l);}}     ;N}K}N};S$          
1712:                     s(ibl){p(l);}}a:{p(l);}}p     N}K}N};S$           
1713: N->s(B){N}e{N}N     s(ibl){p(l);}}a:{p(l);}}p     N}K}N};S$           
1713: SAVESTATE:          171
1713:                     s(ibl){p(l);}}a:{p(l);}}p     s(B){N}e{N}N}K}N};S$
1714:                     (ibl){p(l);}}a:{p(l);}}p(     (B){N}e{N}N}K}N};S$ 
1715:                     ibl){p(l);}}a:{p(l);}}p(l     B){N}e{N}N}K}N};S$  
1716: B->ibi              ibl){p(l);}}a:{p(l);}}p(l     B){N}e{N}N}K}N};S$  
1716: SAVESTATE:          172
1716:                     ibl){p(l);}}a:{p(l);}}p(l     ibi){N}e{N}N}K}N};S$
1717:                     bl){p(l);}}a:{p(l);}}p(l)     bi){N}e{N}N}K}N};S$ 
1718:                     l){p(l);}}a:{p(l);}}p(l);     i){N}e{N}N}K}N};S$  
1719: TS_NOK / NS_NORULECHAIN
1719: RESSTATE            
1719:                     ibl){p(l);}}a:{p(l);}}p(l     B){N}e{N}N}K}N};S$  
1720: B->ibl              ibl){p(l);}}a:{p(l);}}p(l     B){N}e{N}N}K}N};S$  
1720: SAVESTATE:          172
1720:                     ibl){p(l);}}a:{p(l);}}p(l     ibl){N}e{N}N}K}N};S$
1721:                     bl){p(l);}}a:{p(l);}}p(l)     bl){N}e{N}N}K}N};S$ 
1722:                     l){p(l);}}a:{p(l);}}p(l);     l){N}e{N}N}K}N};S$  
1723:                     ){p(l);}}a:{p(l);}}p(l);d     ){N}e{N}N}K}N};S$   
1724:                     {p(l);}}a:{p(l);}}p(l);dt     {N}e{N}N}K}N};S$    
1725:                     p(l);}}a:{p(l);}}p(l);dti     N}e{N}N}K}N};S$     
1726: N->pE;N             p(l);}}a:{p(l);}}p(l);dti     N}e{N}N}K}N};S$     
1726: SAVESTATE:          173
1726:                     p(l);}}a:{p(l);}}p(l);dti     pE;N}e{N}N}K}N};S$  
1727:                     (l);}}a:{p(l);}}p(l);dti=     E;N}e{N}N}K}N};S$   
1728: E->(E)M             (l);}}a:{p(l);}}p(l);dti=     E;N}e{N}N}K}N};S$   
1728: SAVESTATE:          174
1728:                     (l);}}a:{p(l);}}p(l);dti=     (E)M;N}e{N}N}K}N};S$
1729:                     l);}}a:{p(l);}}p(l);dti=(     E)M;N}e{N}N}K}N};S$ 
1730: E->lM               l);}}a:{p(l);}}p(l);dti=(     E)M;N}e{N}N}K}N};S$ 
1730: SAVESTATE:          175
1730:                     l);}}a:{p(l);}}p(l);dti=(     lM)M;N}e{N}N}K}N};S$
1731:                     );}}a:{p(l);}}p(l);dti=(l     M)M;N}e{N}N}K}N};S$ 
1732: TNS_NORULECHAIN/NS_NORULE
1732: RESSTATE            
1732:                     l);}}a:{p(l);}}p(l);dti=(     E)M;N}e{N}N}K}N};S$ 
1733: E->l                l);}}a:{p(l);}}p(l);dti=(     E)M;N}e{N}N}K}N};S$ 
1733: SAVESTATE:          175
1733:                     l);}}a:{p(l);}}p(l);dti=(     l)M;N}e{N}N}K}N};S$ 
1734:                     );}}a:{p(l);}}p(l);dti=(l     )M;N}e{N}N}K}N};S$  
1735:                     ;}}a:{p(l);}}p(l);dti=(lv     M;N}e{N}N}K}N};S$   
1736: TNS_NORULECHAIN/NS_NORULE
1736: RESSTATE            
1736:                     l);}}a:{p(l);}}p(l);dti=(     E)M;N}e{N}N}K}N};S$ 
1737: TNS_NORULECHAIN/NS_NORULE
1737: RESSTATE            
1737:                     (l);}}a:{p(l);}}p(l);dti=     E;N}e{N}N}K}N};S$   
1738: E->(E)              (l);}}a:{p(l);}}p(l);dti=     E;N}e{N}N}K}N};S$   
1738: SAVESTATE:          174
1738:                     (l);}}a:{p(l);}}p(l);dti=     (E);N}e{N}N}K}N};S$ 
1739:                     l);}}a:{p(l);}}p(l);dti=(     E);N}e{N}N}K}N};S$  
1740: E->lM               l);}}a:{p(l);}}p(l);dti=(     E);N}e{N}N}K}N};S$  
1740: SAVESTATE:          175
1740:                     l);}}a:{p(l);}}p(l);dti=(     lM);N}e{N}N}K}N};S$ 
1741:                     );}}a:{p(l);}}p(l);dti=(l     M);N}e{N}N}K}N};S$  
1742: TNS_NORULECHAIN/NS_NORULE
1742: RESSTATE            
1742:                     l);}}a:{p(l);}}p(l);dti=(     E);N}e{N}N}K}N};S$  
1743: E->l                l);}}a:{p(l);}}p(l);dti=(     E);N}e{N}N}K}N};S$  
1743: SAVESTATE:          175
1743:                     l);}}a:{p(l);}}p(l);dti=(     l);N}e{N}N}K}N};S$  
1744:                     );}}a:{p(l);}}p(l);dti=(l     );N}e{N}N}K}N};S$   
1745:                     ;}}a:{p(l);}}p(l);dti=(lv     ;N}e{N}N}K}N};S$    
1746:                     }}a:{p(l);}}p(l);dti=(lvl     N}e{N}N}K}N};S$     
1747: TNS_NORULECHAIN/NS_NORULE
1747: RESSTATE            
1747:                     l);}}a:{p(l);}}p(l);dti=(     E);N}e{N}N}K}N};S$  
1748: TNS_NORULECHAIN/NS_NORULE
1748: RESSTATE            
1748:                     (l);}}a:{p(l);}}p(l);dti=     E;N}e{N}N}K}N};S$   
1749: TNS_NORULECHAIN/NS_NORULE
1749: RESSTATE            
1749:                     p(l);}}a:{p(l);}}p(l);dti     N}e{N}N}K}N};S$     
1750: N->pE;              p(l);}}a:{p(l);}}p(l);dti     N}e{N}N}K}N};S$     
1750: SAVESTATE:          173
1750:                     p(l);}}a:{p(l);}}p(l);dti     pE;}e{N}N}K}N};S$   
1751:                     (l);}}a:{p(l);}}p(l);dti=     E;}e{N}N}K}N};S$    
1752: E->(E)M             (l);}}a:{p(l);}}p(l);dti=     E;}e{N}N}K}N};S$    
1752: SAVESTATE:          174
1752:                     (l);}}a:{p(l);}}p(l);dti=     (E)M;}e{N}N}K}N};S$ 
1753:                     l);}}a:{p(l);}}p(l);dti=(     E)M;}e{N}N}K}N};S$  
1754: E->lM               l);}}a:{p(l);}}p(l);dti=(     E)M;}e{N}N}K}N};S$  
1754: SAVESTATE:          175
1754:                     l);}}a:{p(l);}}p(l);dti=(     lM)M;}e{N}N}K}N};S$ 
1755:                     );}}a:{p(l);}}p(l);dti=(l     M)M;}e{N}N}K}N};S$  
1756: TNS_NORULECHAIN/NS_NORULE
1756: RESSTATE            
1756:                     l);}}a:{p(l);}}p(l);dti=(     E)M;}e{N}N}K}N};S$  
1757: E->l                l);}}a:{p(l);}}p(l);dti=(     E)M;}e{N}N}K}N};S$  
1757: SAVESTATE:          175
1757:                     l);}}a:{p(l);}}p(l);dti=(     l)M;}e{N}N}K}N};S$  
1758:                     );}}a:{p(l);}}p(l);dti=(l     )M;}e{N}N}K}N};S$   
1759:                     ;}}a:{p(l);}}p(l);dti=(lv     M;}e{N}N}K}N};S$    
1760: TNS_NORULECHAIN/NS_NORULE
1760: RESSTATE            
1760:                     l);}}a:{p(l);}}p(l);dti=(     E)M;}e{N}N}K}N};S$  
1761: TNS_NORULECHAIN/NS_NORULE
1761: RESSTATE            
1761:                     (l);}}a:{p(l);}}p(l);dti=     E;}e{N}N}K}N};S$    
1762: E->(E)              (l);}}a:{p(l);}}p(l);dti=     E;}e{N}N}K}N};S$    
1762: SAVESTATE:          174
1762:                     (l);}}a:{p(l);}}p(l);dti=     (E);}e{N}N}K}N};S$  
1763:                     l);}}a:{p(l);}}p(l);dti=(     E);}e{N}N}K}N};S$   
1764: E->lM               l);}}a:{p(l);}}p(l);dti=(     E);}e{N}N}K}N};S$   
1764: SAVESTATE:          175
1764:                     l);}}a:{p(l);}}p(l);dti=(     lM);}e{N}N}K}N};S$  
1765:                     );}}a:{p(l);}}p(l);dti=(l     M);}e{N}N}K}N};S$   
1766: TNS_NORULECHAIN/NS_NORULE
1766: RESSTATE            
1766:                     l);}}a:{p(l);}}p(l);dti=(     E);}e{N}N}K}N};S$   
1767: E->l                l);}}a:{p(l);}}p(l);dti=(     E);}e{N}N}K}N};S$   
1767: SAVESTATE:          175
1767:                     l);}}a:{p(l);}}p(l);dti=(     l);}e{N}N}K}N};S$   
1768:                     );}}a:{p(l);}}p(l);dti=(l     );}e{N}N}K}N};S$    
1769:                     ;}}a:{p(l);}}p(l);dti=(lv     ;}e{N}N}K}N};S$     
1770:                     }}a:{p(l);}}p(l);dti=(lvl     }e{N}N}K}N};S$      
1771:                     }a:{p(l);}}p(l);dti=(lvl)     e{N}N}K}N};S$       
1772: TS_NOK / NS_NORULECHAIN
1772: RESSTATE            
1772:                     l);}}a:{p(l);}}p(l);dti=(     E);}e{N}N}K}N};S$   
1773: TNS_NORULECHAIN/NS_NORULE
1773: RESSTATE            
1773:                     (l);}}a:{p(l);}}p(l);dti=     E;}e{N}N}K}N};S$    
1774: TNS_NORULECHAIN/NS_NORULE
1774: RESSTATE            
1774:                     p(l);}}a:{p(l);}}p(l);dti     N}e{N}N}K}N};S$     
1775: TNS_NORULECHAIN/NS_NORULE
1775: RESSTATE            
1775:                     ibl){p(l);}}a:{p(l);}}p(l     B){N}e{N}N}K}N};S$  
1776: TNS_NORULECHAIN/NS_NORULE
1776: RESSTATE            
1776:                     s(ibl){p(l);}}a:{p(l);}}p     N}K}N};S$           
1777: N->s(B){N}e{N}      s(ibl){p(l);}}a:{p(l);}}p     N}K}N};S$           
1777: SAVESTATE:          171
1777:                     s(ibl){p(l);}}a:{p(l);}}p     s(B){N}e{N}}K}N};S$ 
1778:                     (ibl){p(l);}}a:{p(l);}}p(     (B){N}e{N}}K}N};S$  
1779:                     ibl){p(l);}}a:{p(l);}}p(l     B){N}e{N}}K}N};S$   
1780: B->ibi              ibl){p(l);}}a:{p(l);}}p(l     B){N}e{N}}K}N};S$   
1780: SAVESTATE:          172
1780:                     ibl){p(l);}}a:{p(l);}}p(l     ibi){N}e{N}}K}N};S$ 
1781:                     bl){p(l);}}a:{p(l);}}p(l)     bi){N}e{N}}K}N};S$  
1782:                     l){p(l);}}a:{p(l);}}p(l);     i){N}e{N}}K}N};S$   
1783: TS_NOK / NS_NORULECHAIN
1783: RESSTATE            
1783:                     ibl){p(l);}}a:{p(l);}}p(l     B){N}e{N}}K}N};S$   
1784: B->ibl              ibl){p(l);}}a:{p(l);}}p(l     B){N}e{N}}K}N};S$   
1784: SAVESTATE:          172
1784:                     ibl){p(l);}}a:{p(l);}}p(l     ibl){N}e{N}}K}N};S$ 
1785:                     bl){p(l);}}a:{p(l);}}p(l)     bl){N}e{N}}K}N};S$  
1786:                     l){p(l);}}a:{p(l);}}p(l);     l){N}e{N}}K}N};S$   
1787:                     ){p(l);}}a:{p(l);}}p(l);d     ){N}e{N}}K}N};S$    
1788:                     {p(l);}}a:{p(l);}}p(l);dt     {N}e{N}}K}N};S$     
1789:                     p(l);}}a:{p(l);}}p(l);dti     N}e{N}}K}N};S$      
1790: N->pE;N             p(l);}}a:{p(l);}}p(l);dti     N}e{N}}K}N};S$      
1790: SAVESTATE:          173
1790:                     p(l);}}a:{p(l);}}p(l);dti     pE;N}e{N}}K}N};S$   
1791:                     (l);}}a:{p(l);}}p(l);dti=     E;N}e{N}}K}N};S$    
1792: E->(E)M             (l);}}a:{p(l);}}p(l);dti=     E;N}e{N}}K}N};S$    
1792: SAVESTATE:          174
1792:                     (l);}}a:{p(l);}}p(l);dti=     (E)M;N}e{N}}K}N};S$ 
1793:                     l);}}a:{p(l);}}p(l);dti=(     E)M;N}e{N}}K}N};S$  
1794: E->lM               l);}}a:{p(l);}}p(l);dti=(     E)M;N}e{N}}K}N};S$  
1794: SAVESTATE:          175
1794:                     l);}}a:{p(l);}}p(l);dti=(     lM)M;N}e{N}}K}N};S$ 
1795:                     );}}a:{p(l);}}p(l);dti=(l     M)M;N}e{N}}K}N};S$  
1796: TNS_NORULECHAIN/NS_NORULE
1796: RESSTATE            
1796:                     l);}}a:{p(l);}}p(l);dti=(     E)M;N}e{N}}K}N};S$  
1797: E->l                l);}}a:{p(l);}}p(l);dti=(     E)M;N}e{N}}K}N};S$  
1797: SAVESTATE:          175
1797:                     l);}}a:{p(l);}}p(l);dti=(     l)M;N}e{N}}K}N};S$  
1798:                     );}}a:{p(l);}}p(l);dti=(l     )M;N}e{N}}K}N};S$   
1799:                     ;}}a:{p(l);}}p(l);dti=(lv     M;N}e{N}}K}N};S$    
1800: TNS_NORULECHAIN/NS_NORULE
1800: RESSTATE            
1800:                     l);}}a:{p(l);}}p(l);dti=(     E)M;N}e{N}}K}N};S$  
1801: TNS_NORULECHAIN/NS_NORULE
1801: RESSTATE            
1801:                     (l);}}a:{p(l);}}p(l);dti=     E;N}e{N}}K}N};S$    
1802: E->(E)              (l);}}a:{p(l);}}p(l);dti=     E;N}e{N}}K}N};S$    
1802: SAVESTATE:          174
1802:                     (l);}}a:{p(l);}}p(l);dti=     (E);N}e{N}}K}N};S$  
1803:                     l);}}a:{p(l);}}p(l);dti=(     E);N}e{N}}K}N};S$   
1804: E->lM               l);}}a:{p(l);}}p(l);dti=(     E);N}e{N}}K}N};S$   
1804: SAVESTATE:          175
1804:                     l);}}a:{p(l);}}p(l);dti=(     lM);N}e{N}}K}N};S$  
1805:                     );}}a:{p(l);}}p(l);dti=(l     M);N}e{N}}K}N};S$   
1806: TNS_NORULECHAIN/NS_NORULE
1806: RESSTATE            
1806:                     l);}}a:{p(l);}}p(l);dti=(     E);N}e{N}}K}N};S$   
1807: E->l                l);}}a:{p(l);}}p(l);dti=(     E);N}e{N}}K}N};S$   
1807: SAVESTATE:          175
1807:                     l);}}a:{p(l);}}p(l);dti=(     l);N}e{N}}K}N};S$   
1808:                     );}}a:{p(l);}}p(l);dti=(l     );N}e{N}}K}N};S$    
1809:                     ;}}a:{p(l);}}p(l);dti=(lv     ;N}e{N}}K}N};S$     
1810:                     }}a:{p(l);}}p(l);dti=(lvl     N}e{N}}K}N};S$      
1811: TNS_NORULECHAIN/NS_NORULE
1811: RESSTATE            
1811:                     l);}}a:{p(l);}}p(l);dti=(     E);N}e{N}}K}N};S$   
1812: TNS_NORULECHAIN/NS_NORULE
1812: RESSTATE            
1812:                     (l);}}a:{p(l);}}p(l);dti=     E;N}e{N}}K}N};S$    
1813: TNS_NORULECHAIN/NS_NORULE
1813: RESSTATE            
1813:                     p(l);}}a:{p(l);}}p(l);dti     N}e{N}}K}N};S$      
1814: N->pE;              p(l);}}a:{p(l);}}p(l);dti     N}e{N}}K}N};S$      
1814: SAVESTATE:          173
1814:                     p(l);}}a:{p(l);}}p(l);dti     pE;}e{N}}K}N};S$    
1815:                     (l);}}a:{p(l);}}p(l);dti=     E;}e{N}}K}N};S$     
1816: E->(E)M             (l);}}a:{p(l);}}p(l);dti=     E;}e{N}}K}N};S$     
1816: SAVESTATE:          174
1816:                     (l);}}a:{p(l);}}p(l);dti=     (E)M;}e{N}}K}N};S$  
1817:                     l);}}a:{p(l);}}p(l);dti=(     E)M;}e{N}}K}N};S$   
1818: E->lM               l);}}a:{p(l);}}p(l);dti=(     E)M;}e{N}}K}N};S$   
1818: SAVESTATE:          175
1818:                     l);}}a:{p(l);}}p(l);dti=(     lM)M;}e{N}}K}N};S$  
1819:                     );}}a:{p(l);}}p(l);dti=(l     M)M;}e{N}}K}N};S$   
1820: TNS_NORULECHAIN/NS_NORULE
1820: RESSTATE            
1820:                     l);}}a:{p(l);}}p(l);dti=(     E)M;}e{N}}K}N};S$   
1821: E->l                l);}}a:{p(l);}}p(l);dti=(     E)M;}e{N}}K}N};S$   
1821: SAVESTATE:          175
1821:                     l);}}a:{p(l);}}p(l);dti=(     l)M;}e{N}}K}N};S$   
1822:                     );}}a:{p(l);}}p(l);dti=(l     )M;}e{N}}K}N};S$    
1823:                     ;}}a:{p(l);}}p(l);dti=(lv     M;}e{N}}K}N};S$     
1824: TNS_NORULECHAIN/NS_NORULE
1824: RESSTATE            
1824:                     l);}}a:{p(l);}}p(l);dti=(     E)M;}e{N}}K}N};S$   
1825: TNS_NORULECHAIN/NS_NORULE
1825: RESSTATE            
1825:                     (l);}}a:{p(l);}}p(l);dti=     E;}e{N}}K}N};S$     
1826: E->(E)              (l);}}a:{p(l);}}p(l);dti=     E;}e{N}}K}N};S$     
1826: SAVESTATE:          174
1826:                     (l);}}a:{p(l);}}p(l);dti=     (E);}e{N}}K}N};S$   
1827:                     l);}}a:{p(l);}}p(l);dti=(     E);}e{N}}K}N};S$    
1828: E->lM               l);}}a:{p(l);}}p(l);dti=(     E);}e{N}}K}N};S$    
1828: SAVESTATE:          175
1828:                     l);}}a:{p(l);}}p(l);dti=(     lM);}e{N}}K}N};S$   
1829:                     );}}a:{p(l);}}p(l);dti=(l     M);}e{N}}K}N};S$    
1830: TNS_NORULECHAIN/NS_NORULE
1830: RESSTATE            
1830:                     l);}}a:{p(l);}}p(l);dti=(     E);}e{N}}K}N};S$    
1831: E->l                l);}}a:{p(l);}}p(l);dti=(     E);}e{N}}K}N};S$    
1831: SAVESTATE:          175
1831:                     l);}}a:{p(l);}}p(l);dti=(     l);}e{N}}K}N};S$    
1832:                     );}}a:{p(l);}}p(l);dti=(l     );}e{N}}K}N};S$     
1833:                     ;}}a:{p(l);}}p(l);dti=(lv     ;}e{N}}K}N};S$      
1834:                     }}a:{p(l);}}p(l);dti=(lvl     }e{N}}K}N};S$       
1835:                     }a:{p(l);}}p(l);dti=(lvl)     e{N}}K}N};S$        
1836: TS_NOK / NS_NORULECHAIN
1836: RESSTATE            
1836:                     l);}}a:{p(l);}}p(l);dti=(     E);}e{N}}K}N};S$    
1837: TNS_NORULECHAIN/NS_NORULE
1837: RESSTATE            
1837:                     (l);}}a:{p(l);}}p(l);dti=     E;}e{N}}K}N};S$     
1838: TNS_NORULECHAIN/NS_NORULE
1838: RESSTATE            
1838:                     p(l);}}a:{p(l);}}p(l);dti     N}e{N}}K}N};S$      
1839: TNS_NORULECHAIN/NS_NORULE
1839: RESSTATE            
1839:                     ibl){p(l);}}a:{p(l);}}p(l     B){N}e{N}}K}N};S$   
1840: TNS_NORULECHAIN/NS_NORULE
1840: RESSTATE            
1840:                     s(ibl){p(l);}}a:{p(l);}}p     N}K}N};S$           
1841: N->s(B){N}N         s(ibl){p(l);}}a:{p(l);}}p     N}K}N};S$           
1841: SAVESTATE:          171
1841:                     s(ibl){p(l);}}a:{p(l);}}p     s(B){N}N}K}N};S$    
1842:                     (ibl){p(l);}}a:{p(l);}}p(     (B){N}N}K}N};S$     
1843:                     ibl){p(l);}}a:{p(l);}}p(l     B){N}N}K}N};S$      
1844: B->ibi              ibl){p(l);}}a:{p(l);}}p(l     B){N}N}K}N};S$      
1844: SAVESTATE:          172
1844:                     ibl){p(l);}}a:{p(l);}}p(l     ibi){N}N}K}N};S$    
1845:                     bl){p(l);}}a:{p(l);}}p(l)     bi){N}N}K}N};S$     
1846:                     l){p(l);}}a:{p(l);}}p(l);     i){N}N}K}N};S$      
1847: TS_NOK / NS_NORULECHAIN
1847: RESSTATE            
1847:                     ibl){p(l);}}a:{p(l);}}p(l     B){N}N}K}N};S$      
1848: B->ibl              ibl){p(l);}}a:{p(l);}}p(l     B){N}N}K}N};S$      
1848: SAVESTATE:          172
1848:                     ibl){p(l);}}a:{p(l);}}p(l     ibl){N}N}K}N};S$    
1849:                     bl){p(l);}}a:{p(l);}}p(l)     bl){N}N}K}N};S$     
1850:                     l){p(l);}}a:{p(l);}}p(l);     l){N}N}K}N};S$      
1851:                     ){p(l);}}a:{p(l);}}p(l);d     ){N}N}K}N};S$       
1852:                     {p(l);}}a:{p(l);}}p(l);dt     {N}N}K}N};S$        
1853:                     p(l);}}a:{p(l);}}p(l);dti     N}N}K}N};S$         
1854: N->pE;N             p(l);}}a:{p(l);}}p(l);dti     N}N}K}N};S$         
1854: SAVESTATE:          173
1854:                     p(l);}}a:{p(l);}}p(l);dti     pE;N}N}K}N};S$      
1855:                     (l);}}a:{p(l);}}p(l);dti=     E;N}N}K}N};S$       
1856: E->(E)M             (l);}}a:{p(l);}}p(l);dti=     E;N}N}K}N};S$       
1856: SAVESTATE:          174
1856:                     (l);}}a:{p(l);}}p(l);dti=     (E)M;N}N}K}N};S$    
1857:                     l);}}a:{p(l);}}p(l);dti=(     E)M;N}N}K}N};S$     
1858: E->lM               l);}}a:{p(l);}}p(l);dti=(     E)M;N}N}K}N};S$     
1858: SAVESTATE:          175
1858:                     l);}}a:{p(l);}}p(l);dti=(     lM)M;N}N}K}N};S$    
1859:                     );}}a:{p(l);}}p(l);dti=(l     M)M;N}N}K}N};S$     
1860: TNS_NORULECHAIN/NS_NORULE
1860: RESSTATE            
1860:                     l);}}a:{p(l);}}p(l);dti=(     E)M;N}N}K}N};S$     
1861: E->l                l);}}a:{p(l);}}p(l);dti=(     E)M;N}N}K}N};S$     
1861: SAVESTATE:          175
1861:                     l);}}a:{p(l);}}p(l);dti=(     l)M;N}N}K}N};S$     
1862:                     );}}a:{p(l);}}p(l);dti=(l     )M;N}N}K}N};S$      
1863:                     ;}}a:{p(l);}}p(l);dti=(lv     M;N}N}K}N};S$       
1864: TNS_NORULECHAIN/NS_NORULE
1864: RESSTATE            
1864:                     l);}}a:{p(l);}}p(l);dti=(     E)M;N}N}K}N};S$     
1865: TNS_NORULECHAIN/NS_NORULE
1865: RESSTATE            
1865:                     (l);}}a:{p(l);}}p(l);dti=     E;N}N}K}N};S$       
1866: E->(E)              (l);}}a:{p(l);}}p(l);dti=     E;N}N}K}N};S$       
1866: SAVESTATE:          174
1866:                     (l);}}a:{p(l);}}p(l);dti=     (E);N}N}K}N};S$     
1867:                     l);}}a:{p(l);}}p(l);dti=(     E);N}N}K}N};S$      
1868: E->lM               l);}}a:{p(l);}}p(l);dti=(     E);N}N}K}N};S$      
1868: SAVESTATE:          175
1868:                     l);}}a:{p(l);}}p(l);dti=(     lM);N}N}K}N};S$     
1869:                     );}}a:{p(l);}}p(l);dti=(l     M);N}N}K}N};S$      
1870: TNS_NORULECHAIN/NS_NORULE
1870: RESSTATE            
1870:                     l);}}a:{p(l);}}p(l);dti=(     E);N}N}K}N};S$      
1871: E->l                l);}}a:{p(l);}}p(l);dti=(     E);N}N}K}N};S$      
1871: SAVESTATE:          175
1871:                     l);}}a:{p(l);}}p(l);dti=(     l);N}N}K}N};S$      
1872:                     );}}a:{p(l);}}p(l);dti=(l     );N}N}K}N};S$       
1873:                     ;}}a:{p(l);}}p(l);dti=(lv     ;N}N}K}N};S$        
1874:                     }}a:{p(l);}}p(l);dti=(lvl     N}N}K}N};S$         
1875: TNS_NORULECHAIN/NS_NORULE
1875: RESSTATE            
1875:                     l);}}a:{p(l);}}p(l);dti=(     E);N}N}K}N};S$      
1876: TNS_NORULECHAIN/NS_NORULE
1876: RESSTATE            
1876:                     (l);}}a:{p(l);}}p(l);dti=     E;N}N}K}N};S$       
1877: TNS_NORULECHAIN/NS_NORULE
1877: RESSTATE            
1877:                     p(l);}}a:{p(l);}}p(l);dti     N}N}K}N};S$         
1878: N->pE;              p(l);}}a:{p(l);}}p(l);dti     N}N}K}N};S$         
1878: SAVESTATE:          173
1878:                     p(l);}}a:{p(l);}}p(l);dti     pE;}N}K}N};S$       
1879:                     (l);}}a:{p(l);}}p(l);dti=     E;}N}K}N};S$        
1880: E->(E)M             (l);}}a:{p(l);}}p(l);dti=     E;}N}K}N};S$        
1880: SAVESTATE:          174
1880:                     (l);}}a:{p(l);}}p(l);dti=     (E)M;}N}K}N};S$     
1881:                     l);}}a:{p(l);}}p(l);dti=(     E)M;}N}K}N};S$      
1882: E->lM               l);}}a:{p(l);}}p(l);dti=(     E)M;}N}K}N};S$      
1882: SAVESTATE:          175
1882:                     l);}}a:{p(l);}}p(l);dti=(     lM)M;}N}K}N};S$     
1883:                     );}}a:{p(l);}}p(l);dti=(l     M)M;}N}K}N};S$      
1884: TNS_NORULECHAIN/NS_NORULE
1884: RESSTATE            
1884:                     l);}}a:{p(l);}}p(l);dti=(     E)M;}N}K}N};S$      
1885: E->l                l);}}a:{p(l);}}p(l);dti=(     E)M;}N}K}N};S$      
1885: SAVESTATE:          175
1885:                     l);}}a:{p(l);}}p(l);dti=(     l)M;}N}K}N};S$      
1886:                     );}}a:{p(l);}}p(l);dti=(l     )M;}N}K}N};S$       
1887:                     ;}}a:{p(l);}}p(l);dti=(lv     M;}N}K}N};S$        
1888: TNS_NORULECHAIN/NS_NORULE
1888: RESSTATE            
1888:                     l);}}a:{p(l);}}p(l);dti=(     E)M;}N}K}N};S$      
1889: TNS_NORULECHAIN/NS_NORULE
1889: RESSTATE            
1889:                     (l);}}a:{p(l);}}p(l);dti=     E;}N}K}N};S$        
1890: E->(E)              (l);}}a:{p(l);}}p(l);dti=     E;}N}K}N};S$        
1890: SAVESTATE:          174
1890:                     (l);}}a:{p(l);}}p(l);dti=     (E);}N}K}N};S$      
1891:                     l);}}a:{p(l);}}p(l);dti=(     E);}N}K}N};S$       
1892: E->lM               l);}}a:{p(l);}}p(l);dti=(     E);}N}K}N};S$       
1892: SAVESTATE:          175
1892:                     l);}}a:{p(l);}}p(l);dti=(     lM);}N}K}N};S$      
1893:                     );}}a:{p(l);}}p(l);dti=(l     M);}N}K}N};S$       
1894: TNS_NORULECHAIN/NS_NORULE
1894: RESSTATE            
1894:                     l);}}a:{p(l);}}p(l);dti=(     E);}N}K}N};S$       
1895: E->l                l);}}a:{p(l);}}p(l);dti=(     E);}N}K}N};S$       
1895: SAVESTATE:          175
1895:                     l);}}a:{p(l);}}p(l);dti=(     l);}N}K}N};S$       
1896:                     );}}a:{p(l);}}p(l);dti=(l     );}N}K}N};S$        
1897:                     ;}}a:{p(l);}}p(l);dti=(lv     ;}N}K}N};S$         
1898:                     }}a:{p(l);}}p(l);dti=(lvl     }N}K}N};S$          
1899:                     }a:{p(l);}}p(l);dti=(lvl)     N}K}N};S$           
1900: TNS_NORULECHAIN/NS_NORULE
1900: RESSTATE            
1900:                     l);}}a:{p(l);}}p(l);dti=(     E);}N}K}N};S$       
1901: TNS_NORULECHAIN/NS_NORULE
1901: RESSTATE            
1901:                     (l);}}a:{p(l);}}p(l);dti=     E;}N}K}N};S$        
1902: TNS_NORULECHAIN/NS_NORULE
1902: RESSTATE            
1902:                     p(l);}}a:{p(l);}}p(l);dti     N}N}K}N};S$         
1903: TNS_NORULECHAIN/NS_NORULE
1903: RESSTATE            
1903:                     ibl){p(l);}}a:{p(l);}}p(l     B){N}N}K}N};S$      
1904: TNS_NORULECHAIN/NS_NORULE
1904: RESSTATE            
1904:                     s(ibl){p(l);}}a:{p(l);}}p     N}K}N};S$           
1905: N->s(B){N}          s(ibl){p(l);}}a:{p(l);}}p     N}K}N};S$           
1905: SAVESTATE:          171
1905:                     s(ibl){p(l);}}a:{p(l);}}p     s(B){N}}K}N};S$     
1906:                     (ibl){p(l);}}a:{p(l);}}p(     (B){N}}K}N};S$      
1907:                     ibl){p(l);}}a:{p(l);}}p(l     B){N}}K}N};S$       
1908: B->ibi              ibl){p(l);}}a:{p(l);}}p(l     B){N}}K}N};S$       
1908: SAVESTATE:          172
1908:                     ibl){p(l);}}a:{p(l);}}p(l     ibi){N}}K}N};S$     
1909:                     bl){p(l);}}a:{p(l);}}p(l)     bi){N}}K}N};S$      
1910:                     l){p(l);}}a:{p(l);}}p(l);     i){N}}K}N};S$       
1911: TS_NOK / NS_NORULECHAIN
1911: RESSTATE            
1911:                     ibl){p(l);}}a:{p(l);}}p(l     B){N}}K}N};S$       
1912: B->ibl              ibl){p(l);}}a:{p(l);}}p(l     B){N}}K}N};S$       
1912: SAVESTATE:          172
1912:                     ibl){p(l);}}a:{p(l);}}p(l     ibl){N}}K}N};S$     
1913:                     bl){p(l);}}a:{p(l);}}p(l)     bl){N}}K}N};S$      
1914:                     l){p(l);}}a:{p(l);}}p(l);     l){N}}K}N};S$       
1915:                     ){p(l);}}a:{p(l);}}p(l);d     ){N}}K}N};S$        
1916:                     {p(l);}}a:{p(l);}}p(l);dt     {N}}K}N};S$         
1917:                     p(l);}}a:{p(l);}}p(l);dti     N}}K}N};S$          
1918: N->pE;N             p(l);}}a:{p(l);}}p(l);dti     N}}K}N};S$          
1918: SAVESTATE:          173
1918:                     p(l);}}a:{p(l);}}p(l);dti     pE;N}}K}N};S$       
1919:                     (l);}}a:{p(l);}}p(l);dti=     E;N}}K}N};S$        
1920: E->(E)M             (l);}}a:{p(l);}}p(l);dti=     E;N}}K}N};S$        
1920: SAVESTATE:          174
1920:                     (l);}}a:{p(l);}}p(l);dti=     (E)M;N}}K}N};S$     
1921:                     l);}}a:{p(l);}}p(l);dti=(     E)M;N}}K}N};S$      
1922: E->lM               l);}}a:{p(l);}}p(l);dti=(     E)M;N}}K}N};S$      
1922: SAVESTATE:          175
1922:                     l);}}a:{p(l);}}p(l);dti=(     lM)M;N}}K}N};S$     
1923:                     );}}a:{p(l);}}p(l);dti=(l     M)M;N}}K}N};S$      
1924: TNS_NORULECHAIN/NS_NORULE
1924: RESSTATE            
1924:                     l);}}a:{p(l);}}p(l);dti=(     E)M;N}}K}N};S$      
1925: E->l                l);}}a:{p(l);}}p(l);dti=(     E)M;N}}K}N};S$      
1925: SAVESTATE:          175
1925:                     l);}}a:{p(l);}}p(l);dti=(     l)M;N}}K}N};S$      
1926:                     );}}a:{p(l);}}p(l);dti=(l     )M;N}}K}N};S$       
1927:                     ;}}a:{p(l);}}p(l);dti=(lv     M;N}}K}N};S$        
1928: TNS_NORULECHAIN/NS_NORULE
1928: RESSTATE            
1928:                     l);}}a:{p(l);}}p(l);dti=(     E)M;N}}K}N};S$      
1929: TNS_NORULECHAIN/NS_NORULE
1929: RESSTATE            
1929:                     (l);}}a:{p(l);}}p(l);dti=     E;N}}K}N};S$        
1930: E->(E)              (l);}}a:{p(l);}}p(l);dti=     E;N}}K}N};S$        
1930: SAVESTATE:          174
1930:                     (l);}}a:{p(l);}}p(l);dti=     (E);N}}K}N};S$      
1931:                     l);}}a:{p(l);}}p(l);dti=(     E);N}}K}N};S$       
1932: E->lM               l);}}a:{p(l);}}p(l);dti=(     E);N}}K}N};S$       
1932: SAVESTATE:          175
1932:                     l);}}a:{p(l);}}p(l);dti=(     lM);N}}K}N};S$      
1933:                     );}}a:{p(l);}}p(l);dti=(l     M);N}}K}N};S$       
1934: TNS_NORULECHAIN/NS_NORULE
1934: RESSTATE            
1934:                     l);}}a:{p(l);}}p(l);dti=(     E);N}}K}N};S$       
1935: E->l                l);}}a:{p(l);}}p(l);dti=(     E);N}}K}N};S$       
1935: SAVESTATE:          175
1935:                     l);}}a:{p(l);}}p(l);dti=(     l);N}}K}N};S$       
1936:                     );}}a:{p(l);}}p(l);dti=(l     );N}}K}N};S$        
1937:                     ;}}a:{p(l);}}p(l);dti=(lv     ;N}}K}N};S$         
1938:                     }}a:{p(l);}}p(l);dti=(lvl     N}}K}N};S$          
1939: TNS_NORULECHAIN/NS_NORULE
1939: RESSTATE            
1939:                     l);}}a:{p(l);}}p(l);dti=(     E);N}}K}N};S$       
1940: TNS_NORULECHAIN/NS_NORULE
1940: RESSTATE            
1940:                     (l);}}a:{p(l);}}p(l);dti=     E;N}}K}N};S$        
1941: TNS_NORULECHAIN/NS_NORULE
1941: RESSTATE            
1941:                     p(l);}}a:{p(l);}}p(l);dti     N}}K}N};S$          
1942: N->pE;              p(l);}}a:{p(l);}}p(l);dti     N}}K}N};S$          
1942: SAVESTATE:          173
1942:                     p(l);}}a:{p(l);}}p(l);dti     pE;}}K}N};S$        
1943:                     (l);}}a:{p(l);}}p(l);dti=     E;}}K}N};S$         
1944: E->(E)M             (l);}}a:{p(l);}}p(l);dti=     E;}}K}N};S$         
1944: SAVESTATE:          174
1944:                     (l);}}a:{p(l);}}p(l);dti=     (E)M;}}K}N};S$      
1945:                     l);}}a:{p(l);}}p(l);dti=(     E)M;}}K}N};S$       
1946: E->lM               l);}}a:{p(l);}}p(l);dti=(     E)M;}}K}N};S$       
1946: SAVESTATE:          175
1946:                     l);}}a:{p(l);}}p(l);dti=(     lM)M;}}K}N};S$      
1947:                     );}}a:{p(l);}}p(l);dti=(l     M)M;}}K}N};S$       
1948: TNS_NORULECHAIN/NS_NORULE
1948: RESSTATE            
1948:                     l);}}a:{p(l);}}p(l);dti=(     E)M;}}K}N};S$       
1949: E->l                l);}}a:{p(l);}}p(l);dti=(     E)M;}}K}N};S$       
1949: SAVESTATE:          175
1949:                     l);}}a:{p(l);}}p(l);dti=(     l)M;}}K}N};S$       
1950:                     );}}a:{p(l);}}p(l);dti=(l     )M;}}K}N};S$        
1951:                     ;}}a:{p(l);}}p(l);dti=(lv     M;}}K}N};S$         
1952: TNS_NORULECHAIN/NS_NORULE
1952: RESSTATE            
1952:                     l);}}a:{p(l);}}p(l);dti=(     E)M;}}K}N};S$       
1953: TNS_NORULECHAIN/NS_NORULE
1953: RESSTATE            
1953:                     (l);}}a:{p(l);}}p(l);dti=     E;}}K}N};S$         
1954: E->(E)              (l);}}a:{p(l);}}p(l);dti=     E;}}K}N};S$         
1954: SAVESTATE:          174
1954:                     (l);}}a:{p(l);}}p(l);dti=     (E);}}K}N};S$       
1955:                     l);}}a:{p(l);}}p(l);dti=(     E);}}K}N};S$        
1956: E->lM               l);}}a:{p(l);}}p(l);dti=(     E);}}K}N};S$        
1956: SAVESTATE:          175
1956:                     l);}}a:{p(l);}}p(l);dti=(     lM);}}K}N};S$       
1957:                     );}}a:{p(l);}}p(l);dti=(l     M);}}K}N};S$        
1958: TNS_NORULECHAIN/NS_NORULE
1958: RESSTATE            
1958:                     l);}}a:{p(l);}}p(l);dti=(     E);}}K}N};S$        
1959: E->l                l);}}a:{p(l);}}p(l);dti=(     E);}}K}N};S$        
1959: SAVESTATE:          175
1959:                     l);}}a:{p(l);}}p(l);dti=(     l);}}K}N};S$        
1960:                     );}}a:{p(l);}}p(l);dti=(l     );}}K}N};S$         
1961:                     ;}}a:{p(l);}}p(l);dti=(lv     ;}}K}N};S$          
1962:                     }}a:{p(l);}}p(l);dti=(lvl     }}K}N};S$           
1963:                     }a:{p(l);}}p(l);dti=(lvl)     }K}N};S$            
1964:                     a:{p(l);}}p(l);dti=(lvl)v     K}N};S$             
1965: K->a:{N}K           a:{p(l);}}p(l);dti=(lvl)v     K}N};S$             
1965: SAVESTATE:          176
1965:                     a:{p(l);}}p(l);dti=(lvl)v     a:{N}K}N};S$        
1966:                     :{p(l);}}p(l);dti=(lvl)vl     :{N}K}N};S$         
1967:                     {p(l);}}p(l);dti=(lvl)vlv     {N}K}N};S$          
1968:                     p(l);}}p(l);dti=(lvl)vlvl     N}K}N};S$           
1969: N->pE;N             p(l);}}p(l);dti=(lvl)vlvl     N}K}N};S$           
1969: SAVESTATE:          177
1969:                     p(l);}}p(l);dti=(lvl)vlvl     pE;N}K}N};S$        
1970:                     (l);}}p(l);dti=(lvl)vlvlv     E;N}K}N};S$         
1971: E->(E)M             (l);}}p(l);dti=(lvl)vlvlv     E;N}K}N};S$         
1971: SAVESTATE:          178
1971:                     (l);}}p(l);dti=(lvl)vlvlv     (E)M;N}K}N};S$      
1972:                     l);}}p(l);dti=(lvl)vlvlvl     E)M;N}K}N};S$       
1973: E->lM               l);}}p(l);dti=(lvl)vlvlvl     E)M;N}K}N};S$       
1973: SAVESTATE:          179
1973:                     l);}}p(l);dti=(lvl)vlvlvl     lM)M;N}K}N};S$      
1974:                     );}}p(l);dti=(lvl)vlvlvlv     M)M;N}K}N};S$       
1975: TNS_NORULECHAIN/NS_NORULE
1975: RESSTATE            
1975:                     l);}}p(l);dti=(lvl)vlvlvl     E)M;N}K}N};S$       
1976: E->l                l);}}p(l);dti=(lvl)vlvlvl     E)M;N}K}N};S$       
1976: SAVESTATE:          179
1976:                     l);}}p(l);dti=(lvl)vlvlvl     l)M;N}K}N};S$       
1977:                     );}}p(l);dti=(lvl)vlvlvlv     )M;N}K}N};S$        
1978:                     ;}}p(l);dti=(lvl)vlvlvlvi     M;N}K}N};S$         
1979: TNS_NORULECHAIN/NS_NORULE
1979: RESSTATE            
1979:                     l);}}p(l);dti=(lvl)vlvlvl     E)M;N}K}N};S$       
1980: TNS_NORULECHAIN/NS_NORULE
1980: RESSTATE            
1980:                     (l);}}p(l);dti=(lvl)vlvlv     E;N}K}N};S$         
1981: E->(E)              (l);}}p(l);dti=(lvl)vlvlv     E;N}K}N};S$         
1981: SAVESTATE:          178
1981:                     (l);}}p(l);dti=(lvl)vlvlv     (E);N}K}N};S$       
1982:                     l);}}p(l);dti=(lvl)vlvlvl     E);N}K}N};S$        
1983: E->lM               l);}}p(l);dti=(lvl)vlvlvl     E);N}K}N};S$        
1983: SAVESTATE:          179
1983:                     l);}}p(l);dti=(lvl)vlvlvl     lM);N}K}N};S$       
1984:                     );}}p(l);dti=(lvl)vlvlvlv     M);N}K}N};S$        
1985: TNS_NORULECHAIN/NS_NORULE
1985: RESSTATE            
1985:                     l);}}p(l);dti=(lvl)vlvlvl     E);N}K}N};S$        
1986: E->l                l);}}p(l);dti=(lvl)vlvlvl     E);N}K}N};S$        
1986: SAVESTATE:          179
1986:                     l);}}p(l);dti=(lvl)vlvlvl     l);N}K}N};S$        
1987:                     );}}p(l);dti=(lvl)vlvlvlv     );N}K}N};S$         
1988:                     ;}}p(l);dti=(lvl)vlvlvlvi     ;N}K}N};S$          
1989:                     }}p(l);dti=(lvl)vlvlvlvi;     N}K}N};S$           
1990: TNS_NORULECHAIN/NS_NORULE
1990: RESSTATE            
1990:                     l);}}p(l);dti=(lvl)vlvlvl     E);N}K}N};S$        
1991: TNS_NORULECHAIN/NS_NORULE
1991: RESSTATE            
1991:                     (l);}}p(l);dti=(lvl)vlvlv     E;N}K}N};S$         
1992: TNS_NORULECHAIN/NS_NORULE
1992: RESSTATE            
1992:                     p(l);}}p(l);dti=(lvl)vlvl     N}K}N};S$           
1993: N->pE;              p(l);}}p(l);dti=(lvl)vlvl     N}K}N};S$           
1993: SAVESTATE:          177
1993:                     p(l);}}p(l);dti=(lvl)vlvl     pE;}K}N};S$         
1994:                     (l);}}p(l);dti=(lvl)vlvlv     E;}K}N};S$          
1995: E->(E)M             (l);}}p(l);dti=(lvl)vlvlv     E;}K}N};S$          
1995: SAVESTATE:          178
1995:                     (l);}}p(l);dti=(lvl)vlvlv     (E)M;}K}N};S$       
1996:                     l);}}p(l);dti=(lvl)vlvlvl     E)M;}K}N};S$        
1997: E->lM               l);}}p(l);dti=(lvl)vlvlvl     E)M;}K}N};S$        
1997: SAVESTATE:          179
1997:                     l);}}p(l);dti=(lvl)vlvlvl     lM)M;}K}N};S$       
1998:                     );}}p(l);dti=(lvl)vlvlvlv     M)M;}K}N};S$        
1999: TNS_NORULECHAIN/NS_NORULE
1999: RESSTATE            
1999:                     l);}}p(l);dti=(lvl)vlvlvl     E)M;}K}N};S$        
2000: E->l                l);}}p(l);dti=(lvl)vlvlvl     E)M;}K}N};S$        
2000: SAVESTATE:          179
2000:                     l);}}p(l);dti=(lvl)vlvlvl     l)M;}K}N};S$        
2001:                     );}}p(l);dti=(lvl)vlvlvlv     )M;}K}N};S$         
2002:                     ;}}p(l);dti=(lvl)vlvlvlvi     M;}K}N};S$          
2003: TNS_NORULECHAIN/NS_NORULE
2003: RESSTATE            
2003:                     l);}}p(l);dti=(lvl)vlvlvl     E)M;}K}N};S$        
2004: TNS_NORULECHAIN/NS_NORULE
2004: RESSTATE            
2004:                     (l);}}p(l);dti=(lvl)vlvlv     E;}K}N};S$          
2005: E->(E)              (l);}}p(l);dti=(lvl)vlvlv     E;}K}N};S$          
2005: SAVESTATE:          178
2005:                     (l);}}p(l);dti=(lvl)vlvlv     (E);}K}N};S$        
2006:                     l);}}p(l);dti=(lvl)vlvlvl     E);}K}N};S$         
2007: E->lM               l);}}p(l);dti=(lvl)vlvlvl     E);}K}N};S$         
2007: SAVESTATE:          179
2007:                     l);}}p(l);dti=(lvl)vlvlvl     lM);}K}N};S$        
2008:                     );}}p(l);dti=(lvl)vlvlvlv     M);}K}N};S$         
2009: TNS_NORULECHAIN/NS_NORULE
2009: RESSTATE            
2009:                     l);}}p(l);dti=(lvl)vlvlvl     E);}K}N};S$         
2010: E->l                l);}}p(l);dti=(lvl)vlvlvl     E);}K}N};S$         
2010: SAVESTATE:          179
2010:                     l);}}p(l);dti=(lvl)vlvlvl     l);}K}N};S$         
2011:                     );}}p(l);dti=(lvl)vlvlvlv     );}K}N};S$          
2012:                     ;}}p(l);dti=(lvl)vlvlvlvi     ;}K}N};S$           
2013:                     }}p(l);dti=(lvl)vlvlvlvi;     }K}N};S$            
2014:                     }p(l);dti=(lvl)vlvlvlvi;p     K}N};S$             
2015: TNS_NORULECHAIN/NS_NORULE
2015: RESSTATE            
2015:                     l);}}p(l);dti=(lvl)vlvlvl     E);}K}N};S$         
2016: TNS_NORULECHAIN/NS_NORULE
2016: RESSTATE            
2016:                     (l);}}p(l);dti=(lvl)vlvlv     E;}K}N};S$          
2017: TNS_NORULECHAIN/NS_NORULE
2017: RESSTATE            
2017:                     p(l);}}p(l);dti=(lvl)vlvl     N}K}N};S$           
2018: TNS_NORULECHAIN/NS_NORULE
2018: RESSTATE            
2018:                     a:{p(l);}}p(l);dti=(lvl)v     K}N};S$             
2019: K->a:{N}            a:{p(l);}}p(l);dti=(lvl)v     K}N};S$             
2019: SAVESTATE:          176
2019:                     a:{p(l);}}p(l);dti=(lvl)v     a:{N}}N};S$         
2020:                     :{p(l);}}p(l);dti=(lvl)vl     :{N}}N};S$          
2021:                     {p(l);}}p(l);dti=(lvl)vlv     {N}}N};S$           
2022:                     p(l);}}p(l);dti=(lvl)vlvl     N}}N};S$            
2023: N->pE;N             p(l);}}p(l);dti=(lvl)vlvl     N}}N};S$            
2023: SAVESTATE:          177
2023:                     p(l);}}p(l);dti=(lvl)vlvl     pE;N}}N};S$         
2024:                     (l);}}p(l);dti=(lvl)vlvlv     E;N}}N};S$          
2025: E->(E)M             (l);}}p(l);dti=(lvl)vlvlv     E;N}}N};S$          
2025: SAVESTATE:          178
2025:                     (l);}}p(l);dti=(lvl)vlvlv     (E)M;N}}N};S$       
2026:                     l);}}p(l);dti=(lvl)vlvlvl     E)M;N}}N};S$        
2027: E->lM               l);}}p(l);dti=(lvl)vlvlvl     E)M;N}}N};S$        
2027: SAVESTATE:          179
2027:                     l);}}p(l);dti=(lvl)vlvlvl     lM)M;N}}N};S$       
2028:                     );}}p(l);dti=(lvl)vlvlvlv     M)M;N}}N};S$        
2029: TNS_NORULECHAIN/NS_NORULE
2029: RESSTATE            
2029:                     l);}}p(l);dti=(lvl)vlvlvl     E)M;N}}N};S$        
2030: E->l                l);}}p(l);dti=(lvl)vlvlvl     E)M;N}}N};S$        
2030: SAVESTATE:          179
2030:                     l);}}p(l);dti=(lvl)vlvlvl     l)M;N}}N};S$        
2031:                     );}}p(l);dti=(lvl)vlvlvlv     )M;N}}N};S$         
2032:                     ;}}p(l);dti=(lvl)vlvlvlvi     M;N}}N};S$          
2033: TNS_NORULECHAIN/NS_NORULE
2033: RESSTATE            
2033:                     l);}}p(l);dti=(lvl)vlvlvl     E)M;N}}N};S$        
2034: TNS_NORULECHAIN/NS_NORULE
2034: RESSTATE            
2034:                     (l);}}p(l);dti=(lvl)vlvlv     E;N}}N};S$          
2035: E->(E)              (l);}}p(l);dti=(lvl)vlvlv     E;N}}N};S$          
2035: SAVESTATE:          178
2035:                     (l);}}p(l);dti=(lvl)vlvlv     (E);N}}N};S$        
2036:                     l);}}p(l);dti=(lvl)vlvlvl     E);N}}N};S$         
2037: E->lM               l);}}p(l);dti=(lvl)vlvlvl     E);N}}N};S$         
2037: SAVESTATE:          179
2037:                     l);}}p(l);dti=(lvl)vlvlvl     lM);N}}N};S$        
2038:                     );}}p(l);dti=(lvl)vlvlvlv     M);N}}N};S$         
2039: TNS_NORULECHAIN/NS_NORULE
2039: RESSTATE            
2039:                     l);}}p(l);dti=(lvl)vlvlvl     E);N}}N};S$         
2040: E->l                l);}}p(l);dti=(lvl)vlvlvl     E);N}}N};S$         
2040: SAVESTATE:          179
2040:                     l);}}p(l);dti=(lvl)vlvlvl     l);N}}N};S$         
2041:                     );}}p(l);dti=(lvl)vlvlvlv     );N}}N};S$          
2042:                     ;}}p(l);dti=(lvl)vlvlvlvi     ;N}}N};S$           
2043:                     }}p(l);dti=(lvl)vlvlvlvi;     N}}N};S$            
2044: TNS_NORULECHAIN/NS_NORULE
2044: RESSTATE            
2044:                     l);}}p(l);dti=(lvl)vlvlvl     E);N}}N};S$         
2045: TNS_NORULECHAIN/NS_NORULE
2045: RESSTATE            
2045:                     (l);}}p(l);dti=(lvl)vlvlv     E;N}}N};S$          
2046: TNS_NORULECHAIN/NS_NORULE
2046: RESSTATE            
2046:                     p(l);}}p(l);dti=(lvl)vlvl     N}}N};S$            
2047: N->pE;              p(l);}}p(l);dti=(lvl)vlvl     N}}N};S$            
2047: SAVESTATE:          177
2047:                     p(l);}}p(l);dti=(lvl)vlvl     pE;}}N};S$          
2048:                     (l);}}p(l);dti=(lvl)vlvlv     E;}}N};S$           
2049: E->(E)M             (l);}}p(l);dti=(lvl)vlvlv     E;}}N};S$           
2049: SAVESTATE:          178
2049:                     (l);}}p(l);dti=(lvl)vlvlv     (E)M;}}N};S$        
2050:                     l);}}p(l);dti=(lvl)vlvlvl     E)M;}}N};S$         
2051: E->lM               l);}}p(l);dti=(lvl)vlvlvl     E)M;}}N};S$         
2051: SAVESTATE:          179
2051:                     l);}}p(l);dti=(lvl)vlvlvl     lM)M;}}N};S$        
2052:                     );}}p(l);dti=(lvl)vlvlvlv     M)M;}}N};S$         
2053: TNS_NORULECHAIN/NS_NORULE
2053: RESSTATE            
2053:                     l);}}p(l);dti=(lvl)vlvlvl     E)M;}}N};S$         
2054: E->l                l);}}p(l);dti=(lvl)vlvlvl     E)M;}}N};S$         
2054: SAVESTATE:          179
2054:                     l);}}p(l);dti=(lvl)vlvlvl     l)M;}}N};S$         
2055:                     );}}p(l);dti=(lvl)vlvlvlv     )M;}}N};S$          
2056:                     ;}}p(l);dti=(lvl)vlvlvlvi     M;}}N};S$           
2057: TNS_NORULECHAIN/NS_NORULE
2057: RESSTATE            
2057:                     l);}}p(l);dti=(lvl)vlvlvl     E)M;}}N};S$         
2058: TNS_NORULECHAIN/NS_NORULE
2058: RESSTATE            
2058:                     (l);}}p(l);dti=(lvl)vlvlv     E;}}N};S$           
2059: E->(E)              (l);}}p(l);dti=(lvl)vlvlv     E;}}N};S$           
2059: SAVESTATE:          178
2059:                     (l);}}p(l);dti=(lvl)vlvlv     (E);}}N};S$         
2060:                     l);}}p(l);dti=(lvl)vlvlvl     E);}}N};S$          
2061: E->lM               l);}}p(l);dti=(lvl)vlvlvl     E);}}N};S$          
2061: SAVESTATE:          179
2061:                     l);}}p(l);dti=(lvl)vlvlvl     lM);}}N};S$         
2062:                     );}}p(l);dti=(lvl)vlvlvlv     M);}}N};S$          
2063: TNS_NORULECHAIN/NS_NORULE
2063: RESSTATE            
2063:                     l);}}p(l);dti=(lvl)vlvlvl     E);}}N};S$          
2064: E->l                l);}}p(l);dti=(lvl)vlvlvl     E);}}N};S$          
2064: SAVESTATE:          179
2064:                     l);}}p(l);dti=(lvl)vlvlvl     l);}}N};S$          
2065:                     );}}p(l);dti=(lvl)vlvlvlv     );}}N};S$           
2066:                     ;}}p(l);dti=(lvl)vlvlvlvi     ;}}N};S$            
2067:                     }}p(l);dti=(lvl)vlvlvlvi;     }}N};S$             
2068:                     }p(l);dti=(lvl)vlvlvlvi;p     }N};S$              
2069:                     p(l);dti=(lvl)vlvlvlvi;p(     N};S$               
2070: N->pE;N             p(l);dti=(lvl)vlvlvlvi;p(     N};S$               
2070: SAVESTATE:          180
2070:                     p(l);dti=(lvl)vlvlvlvi;p(     pE;N};S$            
2071:                     (l);dti=(lvl)vlvlvlvi;p(i     E;N};S$             
2072: E->(E)M             (l);dti=(lvl)vlvlvlvi;p(i     E;N};S$             
2072: SAVESTATE:          181
2072:                     (l);dti=(lvl)vlvlvlvi;p(i     (E)M;N};S$          
2073:                     l);dti=(lvl)vlvlvlvi;p(i)     E)M;N};S$           
2074: E->lM               l);dti=(lvl)vlvlvlvi;p(i)     E)M;N};S$           
2074: SAVESTATE:          182
2074:                     l);dti=(lvl)vlvlvlvi;p(i)     lM)M;N};S$          
2075:                     );dti=(lvl)vlvlvlvi;p(i);     M)M;N};S$           
2076: TNS_NORULECHAIN/NS_NORULE
2076: RESSTATE            
2076:                     l);dti=(lvl)vlvlvlvi;p(i)     E)M;N};S$           
2077: E->l                l);dti=(lvl)vlvlvlvi;p(i)     E)M;N};S$           
2077: SAVESTATE:          182
2077:                     l);dti=(lvl)vlvlvlvi;p(i)     l)M;N};S$           
2078:                     );dti=(lvl)vlvlvlvi;p(i);     )M;N};S$            
2079:                     ;dti=(lvl)vlvlvlvi;p(i);}     M;N};S$             
2080: TNS_NORULECHAIN/NS_NORULE
2080: RESSTATE            
2080:                     l);dti=(lvl)vlvlvlvi;p(i)     E)M;N};S$           
2081: TNS_NORULECHAIN/NS_NORULE
2081: RESSTATE            
2081:                     (l);dti=(lvl)vlvlvlvi;p(i     E;N};S$             
2082: E->(E)              (l);dti=(lvl)vlvlvlvi;p(i     E;N};S$             
2082: SAVESTATE:          181
2082:                     (l);dti=(lvl)vlvlvlvi;p(i     (E);N};S$           
2083:                     l);dti=(lvl)vlvlvlvi;p(i)     E);N};S$            
2084: E->lM               l);dti=(lvl)vlvlvlvi;p(i)     E);N};S$            
2084: SAVESTATE:          182
2084:                     l);dti=(lvl)vlvlvlvi;p(i)     lM);N};S$           
2085:                     );dti=(lvl)vlvlvlvi;p(i);     M);N};S$            
2086: TNS_NORULECHAIN/NS_NORULE
2086: RESSTATE            
2086:                     l);dti=(lvl)vlvlvlvi;p(i)     E);N};S$            
2087: E->l                l);dti=(lvl)vlvlvlvi;p(i)     E);N};S$            
2087: SAVESTATE:          182
2087:                     l);dti=(lvl)vlvlvlvi;p(i)     l);N};S$            
2088:                     );dti=(lvl)vlvlvlvi;p(i);     );N};S$             
2089:                     ;dti=(lvl)vlvlvlvi;p(i);}     ;N};S$              
2090:                     dti=(lvl)vlvlvlvi;p(i);}      N};S$               
2091: N->dti=E;N          dti=(lvl)vlvlvlvi;p(i);}      N};S$               
2091: SAVESTATE:          183
2091:                     dti=(lvl)vlvlvlvi;p(i);}      dti=E;N};S$         
2092:                     ti=(lvl)vlvlvlvi;p(i);}       ti=E;N};S$          
2093:                     i=(lvl)vlvlvlvi;p(i);}        i=E;N};S$           
2094:                     =(lvl)vlvlvlvi;p(i);}         =E;N};S$            
2095:                     (lvl)vlvlvlvi;p(i);}          E;N};S$             
2096: E->(E)M             (lvl)vlvlvlvi;p(i);}          E;N};S$             
2096: SAVESTATE:          184
2096:                     (lvl)vlvlvlvi;p(i);}          (E)M;N};S$          
2097:                     lvl)vlvlvlvi;p(i);}           E)M;N};S$           
2098: E->lM               lvl)vlvlvlvi;p(i);}           E)M;N};S$           
2098: SAVESTATE:          185
2098:                     lvl)vlvlvlvi;p(i);}           lM)M;N};S$          
2099:                     vl)vlvlvlvi;p(i);}            M)M;N};S$           
2100: M->vEM              vl)vlvlvlvi;p(i);}            M)M;N};S$           
2100: SAVESTATE:          186
2100:                     vl)vlvlvlvi;p(i);}            vEM)M;N};S$         
2101:                     l)vlvlvlvi;p(i);}             EM)M;N};S$          
2102: E->lM               l)vlvlvlvi;p(i);}             EM)M;N};S$          
2102: SAVESTATE:          187
2102:                     l)vlvlvlvi;p(i);}             lMM)M;N};S$         
2103:                     )vlvlvlvi;p(i);}              MM)M;N};S$          
2104: TNS_NORULECHAIN/NS_NORULE
2104: RESSTATE            
2104:                     l)vlvlvlvi;p(i);}             EM)M;N};S$          
2105: E->l                l)vlvlvlvi;p(i);}             EM)M;N};S$          
2105: SAVESTATE:          187
2105:                     l)vlvlvlvi;p(i);}             lM)M;N};S$          
2106:                     )vlvlvlvi;p(i);}              M)M;N};S$           
2107: TNS_NORULECHAIN/NS_NORULE
2107: RESSTATE            
2107:                     l)vlvlvlvi;p(i);}             EM)M;N};S$          
2108: TNS_NORULECHAIN/NS_NORULE
2108: RESSTATE            
2108:                     vl)vlvlvlvi;p(i);}            M)M;N};S$           
2109: M->vE               vl)vlvlvlvi;p(i);}            M)M;N};S$           
2109: SAVESTATE:          186
2109:                     vl)vlvlvlvi;p(i);}            vE)M;N};S$          
2110:                     l)vlvlvlvi;p(i);}             E)M;N};S$           
2111: E->lM               l)vlvlvlvi;p(i);}             E)M;N};S$           
2111: SAVESTATE:          187
2111:                     l)vlvlvlvi;p(i);}             lM)M;N};S$          
2112:                     )vlvlvlvi;p(i);}              M)M;N};S$           
2113: TNS_NORULECHAIN/NS_NORULE
2113: RESSTATE            
2113:                     l)vlvlvlvi;p(i);}             E)M;N};S$           
2114: E->l                l)vlvlvlvi;p(i);}             E)M;N};S$           
2114: SAVESTATE:          187
2114:                     l)vlvlvlvi;p(i);}             l)M;N};S$           
2115:                     )vlvlvlvi;p(i);}              )M;N};S$            
2116:                     vlvlvlvi;p(i);}               M;N};S$             
2117: M->vEM              vlvlvlvi;p(i);}               M;N};S$             
2117: SAVESTATE:          188
2117:                     vlvlvlvi;p(i);}               vEM;N};S$           
2118:                     lvlvlvi;p(i);}                EM;N};S$            
2119: E->lM               lvlvlvi;p(i);}                EM;N};S$            
2119: SAVESTATE:          189
2119:                     lvlvlvi;p(i);}                lMM;N};S$           
2120:                     vlvlvi;p(i);}                 MM;N};S$            
2121: M->vEM              vlvlvi;p(i);}                 MM;N};S$            
2121: SAVESTATE:          190
2121:                     vlvlvi;p(i);}                 vEMM;N};S$          
2122:                     lvlvi;p(i);}                  EMM;N};S$           
2123: E->lM               lvlvi;p(i);}                  EMM;N};S$           
2123: SAVESTATE:          191
2123:                     lvlvi;p(i);}                  lMMM;N};S$          
2124:                     vlvi;p(i);}                   MMM;N};S$           
2125: M->vEM              vlvi;p(i);}                   MMM;N};S$           
2125: SAVESTATE:          192
2125:                     vlvi;p(i);}                   vEMMM;N};S$         
2126:                     lvi;p(i);}                    EMMM;N};S$          
2127: E->lM               lvi;p(i);}                    EMMM;N};S$          
2127: SAVESTATE:          193
2127:                     lvi;p(i);}                    lMMMM;N};S$         
2128:                     vi;p(i);}                     MMMM;N};S$          
2129: M->vEM              vi;p(i);}                     MMMM;N};S$          
2129: SAVESTATE:          194
2129:                     vi;p(i);}                     vEMMMM;N};S$        
2130:                     i;p(i);}                      EMMMM;N};S$         
2131: E->i(W)M            i;p(i);}                      EMMMM;N};S$         
2131: SAVESTATE:          195
2131:                     i;p(i);}                      i(W)MMMMM;N};S$     
2132:                     ;p(i);}                       (W)MMMMM;N};S$      
2133: TS_NOK / NS_NORULECHAIN
2133: RESSTATE            
2133:                     i;p(i);}                      EMMMM;N};S$         
2134: E->i(W)             i;p(i);}                      EMMMM;N};S$         
2134: SAVESTATE:          195
2134:                     i;p(i);}                      i(W)MMMM;N};S$      
2135:                     ;p(i);}                       (W)MMMM;N};S$       
2136: TS_NOK / NS_NORULECHAIN
2136: RESSTATE            
2136:                     i;p(i);}                      EMMMM;N};S$         
2137: E->iM               i;p(i);}                      EMMMM;N};S$         
2137: SAVESTATE:          195
2137:                     i;p(i);}                      iMMMMM;N};S$        
2138:                     ;p(i);}                       MMMMM;N};S$         
2139: TNS_NORULECHAIN/NS_NORULE
2139: RESSTATE            
2139:                     i;p(i);}                      EMMMM;N};S$         
2140: E->i                i;p(i);}                      EMMMM;N};S$         
2140: SAVESTATE:          195
2140:                     i;p(i);}                      iMMMM;N};S$         
2141:                     ;p(i);}                       MMMM;N};S$          
2142: TNS_NORULECHAIN/NS_NORULE
2142: RESSTATE            
2142:                     i;p(i);}                      EMMMM;N};S$         
2143: TNS_NORULECHAIN/NS_NORULE
2143: RESSTATE            
2143:                     vi;p(i);}                     MMMM;N};S$          
2144: M->vE               vi;p(i);}                     MMMM;N};S$          
2144: SAVESTATE:          194
2144:                     vi;p(i);}                     vEMMM;N};S$         
2145:                     i;p(i);}                      EMMM;N};S$          
2146: E->i(W)M            i;p(i);}                      EMMM;N};S$          
2146: SAVESTATE:          195
2146:                     i;p(i);}                      i(W)MMMM;N};S$      
2147:                     ;p(i);}                       (W)MMMM;N};S$       
2148: TS_NOK / NS_NORULECHAIN
2148: RESSTATE            
2148:                     i;p(i);}                      EMMM;N};S$          
2149: E->i(W)             i;p(i);}                      EMMM;N};S$          
2149: SAVESTATE:          195
2149:                     i;p(i);}                      i(W)MMM;N};S$       
2150:                     ;p(i);}                       (W)MMM;N};S$        
2151: TS_NOK / NS_NORULECHAIN
2151: RESSTATE            
2151:                     i;p(i);}                      EMMM;N};S$          
2152: E->iM               i;p(i);}                      EMMM;N};S$          
2152: SAVESTATE:          195
2152:                     i;p(i);}                      iMMMM;N};S$         
2153:                     ;p(i);}                       MMMM;N};S$          
2154: TNS_NORULECHAIN/NS_NORULE
2154: RESSTATE            
2154:                     i;p(i);}                      EMMM;N};S$          
2155: E->i                i;p(i);}                      EMMM;N};S$          
2155: SAVESTATE:          195
2155:                     i;p(i);}                      iMMM;N};S$          
2156:                     ;p(i);}                       MMM;N};S$           
2157: TNS_NORULECHAIN/NS_NORULE
2157: RESSTATE            
2157:                     i;p(i);}                      EMMM;N};S$          
2158: TNS_NORULECHAIN/NS_NORULE
2158: RESSTATE            
2158:                     vi;p(i);}                     MMMM;N};S$          
2159: TNS_NORULECHAIN/NS_NORULE
2159: RESSTATE            
2159:                     lvi;p(i);}                    EMMM;N};S$          
2160: E->l                lvi;p(i);}                    EMMM;N};S$          
2160: SAVESTATE:          193
2160:                     lvi;p(i);}                    lMMM;N};S$          
2161:                     vi;p(i);}                     MMM;N};S$           
2162: M->vEM              vi;p(i);}                     MMM;N};S$           
2162: SAVESTATE:          194
2162:                     vi;p(i);}                     vEMMM;N};S$         
2163:                     i;p(i);}                      EMMM;N};S$          
2164: E->i(W)M            i;p(i);}                      EMMM;N};S$          
2164: SAVESTATE:          195
2164:                     i;p(i);}                      i(W)MMMM;N};S$      
2165:                     ;p(i);}                       (W)MMMM;N};S$       
2166: TS_NOK / NS_NORULECHAIN
2166: RESSTATE            
2166:                     i;p(i);}                      EMMM;N};S$          
2167: E->i(W)             i;p(i);}                      EMMM;N};S$          
2167: SAVESTATE:          195
2167:                     i;p(i);}                      i(W)MMM;N};S$       
2168:                     ;p(i);}                       (W)MMM;N};S$        
2169: TS_NOK / NS_NORULECHAIN
2169: RESSTATE            
2169:                     i;p(i);}                      EMMM;N};S$          
2170: E->iM               i;p(i);}                      EMMM;N};S$          
2170: SAVESTATE:          195
2170:                     i;p(i);}                      iMMMM;N};S$         
2171:                     ;p(i);}                       MMMM;N};S$          
2172: TNS_NORULECHAIN/NS_NORULE
2172: RESSTATE            
2172:                     i;p(i);}                      EMMM;N};S$          
2173: E->i                i;p(i);}                      EMMM;N};S$          
2173: SAVESTATE:          195
2173:                     i;p(i);}                      iMMM;N};S$          
2174:                     ;p(i);}                       MMM;N};S$           
2175: TNS_NORULECHAIN/NS_NORULE
2175: RESSTATE            
2175:                     i;p(i);}                      EMMM;N};S$          
2176: TNS_NORULECHAIN/NS_NORULE
2176: RESSTATE            
2176:                     vi;p(i);}                     MMM;N};S$           
2177: M->vE               vi;p(i);}                     MMM;N};S$           
2177: SAVESTATE:          194
2177:                     vi;p(i);}                     vEMM;N};S$          
2178:                     i;p(i);}                      EMM;N};S$           
2179: E->i(W)M            i;p(i);}                      EMM;N};S$           
2179: SAVESTATE:          195
2179:                     i;p(i);}                      i(W)MMM;N};S$       
2180:                     ;p(i);}                       (W)MMM;N};S$        
2181: TS_NOK / NS_NORULECHAIN
2181: RESSTATE            
2181:                     i;p(i);}                      EMM;N};S$           
2182: E->i(W)             i;p(i);}                      EMM;N};S$           
2182: SAVESTATE:          195
2182:                     i;p(i);}                      i(W)MM;N};S$        
2183:                     ;p(i);}                       (W)MM;N};S$         
2184: TS_NOK / NS_NORULECHAIN
2184: RESSTATE            
2184:                     i;p(i);}                      EMM;N};S$           
2185: E->iM               i;p(i);}                      EMM;N};S$           
2185: SAVESTATE:          195
2185:                     i;p(i);}                      iMMM;N};S$          
2186:                     ;p(i);}                       MMM;N};S$           
2187: TNS_NORULECHAIN/NS_NORULE
2187: RESSTATE            
2187:                     i;p(i);}                      EMM;N};S$           
2188: E->i                i;p(i);}                      EMM;N};S$           
2188: SAVESTATE:          195
2188:                     i;p(i);}                      iMM;N};S$           
2189:                     ;p(i);}                       MM;N};S$            
2190: TNS_NORULECHAIN/NS_NORULE
2190: RESSTATE            
2190:                     i;p(i);}                      EMM;N};S$           
2191: TNS_NORULECHAIN/NS_NORULE
2191: RESSTATE            
2191:                     vi;p(i);}                     MMM;N};S$           
2192: TNS_NORULECHAIN/NS_NORULE
2192: RESSTATE            
2192:                     lvi;p(i);}                    EMMM;N};S$          
2193: TNS_NORULECHAIN/NS_NORULE
2193: RESSTATE            
2193:                     vlvi;p(i);}                   MMM;N};S$           
2194: M->vE               vlvi;p(i);}                   MMM;N};S$           
2194: SAVESTATE:          192
2194:                     vlvi;p(i);}                   vEMM;N};S$          
2195:                     lvi;p(i);}                    EMM;N};S$           
2196: E->lM               lvi;p(i);}                    EMM;N};S$           
2196: SAVESTATE:          193
2196:                     lvi;p(i);}                    lMMM;N};S$          
2197:                     vi;p(i);}                     MMM;N};S$           
2198: M->vEM              vi;p(i);}                     MMM;N};S$           
2198: SAVESTATE:          194
2198:                     vi;p(i);}                     vEMMM;N};S$         
2199:                     i;p(i);}                      EMMM;N};S$          
2200: E->i(W)M            i;p(i);}                      EMMM;N};S$          
2200: SAVESTATE:          195
2200:                     i;p(i);}                      i(W)MMMM;N};S$      
2201:                     ;p(i);}                       (W)MMMM;N};S$       
2202: TS_NOK / NS_NORULECHAIN
2202: RESSTATE            
2202:                     i;p(i);}                      EMMM;N};S$          
2203: E->i(W)             i;p(i);}                      EMMM;N};S$          
2203: SAVESTATE:          195
2203:                     i;p(i);}                      i(W)MMM;N};S$       
2204:                     ;p(i);}                       (W)MMM;N};S$        
2205: TS_NOK / NS_NORULECHAIN
2205: RESSTATE            
2205:                     i;p(i);}                      EMMM;N};S$          
2206: E->iM               i;p(i);}                      EMMM;N};S$          
2206: SAVESTATE:          195
2206:                     i;p(i);}                      iMMMM;N};S$         
2207:                     ;p(i);}                       MMMM;N};S$          
2208: TNS_NORULECHAIN/NS_NORULE
2208: RESSTATE            
2208:                     i;p(i);}                      EMMM;N};S$          
2209: E->i                i;p(i);}                      EMMM;N};S$          
2209: SAVESTATE:          195
2209:                     i;p(i);}                      iMMM;N};S$          
2210:                     ;p(i);}                       MMM;N};S$           
2211: TNS_NORULECHAIN/NS_NORULE
2211: RESSTATE            
2211:                     i;p(i);}                      EMMM;N};S$          
2212: TNS_NORULECHAIN/NS_NORULE
2212: RESSTATE            
2212:                     vi;p(i);}                     MMM;N};S$           
2213: M->vE               vi;p(i);}                     MMM;N};S$           
2213: SAVESTATE:          194
2213:                     vi;p(i);}                     vEMM;N};S$          
2214:                     i;p(i);}                      EMM;N};S$           
2215: E->i(W)M            i;p(i);}                      EMM;N};S$           
2215: SAVESTATE:          195
2215:                     i;p(i);}                      i(W)MMM;N};S$       
2216:                     ;p(i);}                       (W)MMM;N};S$        
2217: TS_NOK / NS_NORULECHAIN
2217: RESSTATE            
2217:                     i;p(i);}                      EMM;N};S$           
2218: E->i(W)             i;p(i);}                      EMM;N};S$           
2218: SAVESTATE:          195
2218:                     i;p(i);}                      i(W)MM;N};S$        
2219:                     ;p(i);}                       (W)MM;N};S$         
2220: TS_NOK / NS_NORULECHAIN
2220: RESSTATE            
2220:                     i;p(i);}                      EMM;N};S$           
2221: E->iM               i;p(i);}                      EMM;N};S$           
2221: SAVESTATE:          195
2221:                     i;p(i);}                      iMMM;N};S$          
2222:                     ;p(i);}                       MMM;N};S$           
2223: TNS_NORULECHAIN/NS_NORULE
2223: RESSTATE            
2223:                     i;p(i);}                      EMM;N};S$           
2224: E->i                i;p(i);}                      EMM;N};S$           
2224: SAVESTATE:          195
2224:                     i;p(i);}                      iMM;N};S$           
2225:                     ;p(i);}                       MM;N};S$            
2226: TNS_NORULECHAIN/NS_NORULE
2226: RESSTATE            
2226:                     i;p(i);}                      EMM;N};S$           
2227: TNS_NORULECHAIN/NS_NORULE
2227: RESSTATE            
2227:                     vi;p(i);}                     MMM;N};S$           
2228: TNS_NORULECHAIN/NS_NORULE
2228: RESSTATE            
2228:                     lvi;p(i);}                    EMM;N};S$           
2229: E->l                lvi;p(i);}                    EMM;N};S$           
2229: SAVESTATE:          193
2229:                     lvi;p(i);}                    lMM;N};S$           
2230:                     vi;p(i);}                     MM;N};S$            
2231: M->vEM              vi;p(i);}                     MM;N};S$            
2231: SAVESTATE:          194
2231:                     vi;p(i);}                     vEMM;N};S$          
2232:                     i;p(i);}                      EMM;N};S$           
2233: E->i(W)M            i;p(i);}                      EMM;N};S$           
2233: SAVESTATE:          195
2233:                     i;p(i);}                      i(W)MMM;N};S$       
2234:                     ;p(i);}                       (W)MMM;N};S$        
2235: TS_NOK / NS_NORULECHAIN
2235: RESSTATE            
2235:                     i;p(i);}                      EMM;N};S$           
2236: E->i(W)             i;p(i);}                      EMM;N};S$           
2236: SAVESTATE:          195
2236:                     i;p(i);}                      i(W)MM;N};S$        
2237:                     ;p(i);}                       (W)MM;N};S$         
2238: TS_NOK / NS_NORULECHAIN
2238: RESSTATE            
2238:                     i;p(i);}                      EMM;N};S$           
2239: E->iM               i;p(i);}                      EMM;N};S$           
2239: SAVESTATE:          195
2239:                     i;p(i);}                      iMMM;N};S$          
2240:                     ;p(i);}                       MMM;N};S$           
2241: TNS_NORULECHAIN/NS_NORULE
2241: RESSTATE            
2241:                     i;p(i);}                      EMM;N};S$           
2242: E->i                i;p(i);}                      EMM;N};S$           
2242: SAVESTATE:          195
2242:                     i;p(i);}                      iMM;N};S$           
2243:                     ;p(i);}                       MM;N};S$            
2244: TNS_NORULECHAIN/NS_NORULE
2244: RESSTATE            
2244:                     i;p(i);}                      EMM;N};S$           
2245: TNS_NORULECHAIN/NS_NORULE
2245: RESSTATE            
2245:                     vi;p(i);}                     MM;N};S$            
2246: M->vE               vi;p(i);}                     MM;N};S$            
2246: SAVESTATE:          194
2246:                     vi;p(i);}                     vEM;N};S$           
2247:                     i;p(i);}                      EM;N};S$            
2248: E->i(W)M            i;p(i);}                      EM;N};S$            
2248: SAVESTATE:          195
2248:                     i;p(i);}                      i(W)MM;N};S$        
2249:                     ;p(i);}                       (W)MM;N};S$         
2250: TS_NOK / NS_NORULECHAIN
2250: RESSTATE            
2250:                     i;p(i);}                      EM;N};S$            
2251: E->i(W)             i;p(i);}                      EM;N};S$            
2251: SAVESTATE:          195
2251:                     i;p(i);}                      i(W)M;N};S$         
2252:                     ;p(i);}                       (W)M;N};S$          
2253: TS_NOK / NS_NORULECHAIN
2253: RESSTATE            
2253:                     i;p(i);}                      EM;N};S$            
2254: E->iM               i;p(i);}                      EM;N};S$            
2254: SAVESTATE:          195
2254:                     i;p(i);}                      iMM;N};S$           
2255:                     ;p(i);}                       MM;N};S$            
2256: TNS_NORULECHAIN/NS_NORULE
2256: RESSTATE            
2256:                     i;p(i);}                      EM;N};S$            
2257: E->i                i;p(i);}                      EM;N};S$            
2257: SAVESTATE:          195
2257:                     i;p(i);}                      iM;N};S$            
2258:                     ;p(i);}                       M;N};S$             
2259: TNS_NORULECHAIN/NS_NORULE
2259: RESSTATE            
2259:                     i;p(i);}                      EM;N};S$            
2260: TNS_NORULECHAIN/NS_NORULE
2260: RESSTATE            
2260:                     vi;p(i);}                     MM;N};S$            
2261: TNS_NORULECHAIN/NS_NORULE
2261: RESSTATE            
2261:                     lvi;p(i);}                    EMM;N};S$           
2262: TNS_NORULECHAIN/NS_NORULE
2262: RESSTATE            
2262:                     vlvi;p(i);}                   MMM;N};S$           
2263: TNS_NORULECHAIN/NS_NORULE
2263: RESSTATE            
2263:                     lvlvi;p(i);}                  EMM;N};S$           
2264: E->l                lvlvi;p(i);}                  EMM;N};S$           
2264: SAVESTATE:          191
2264:                     lvlvi;p(i);}                  lMM;N};S$           
2265:                     vlvi;p(i);}                   MM;N};S$            
2266: M->vEM              vlvi;p(i);}                   MM;N};S$            
2266: SAVESTATE:          192
2266:                     vlvi;p(i);}                   vEMM;N};S$          
2267:                     lvi;p(i);}                    EMM;N};S$           
2268: E->lM               lvi;p(i);}                    EMM;N};S$           
2268: SAVESTATE:          193
2268:                     lvi;p(i);}                    lMMM;N};S$          
2269:                     vi;p(i);}                     MMM;N};S$           
2270: M->vEM              vi;p(i);}                     MMM;N};S$           
2270: SAVESTATE:          194
2270:                     vi;p(i);}                     vEMMM;N};S$         
2271:                     i;p(i);}                      EMMM;N};S$          
2272: E->i(W)M            i;p(i);}                      EMMM;N};S$          
2272: SAVESTATE:          195
2272:                     i;p(i);}                      i(W)MMMM;N};S$      
2273:                     ;p(i);}                       (W)MMMM;N};S$       
2274: TS_NOK / NS_NORULECHAIN
2274: RESSTATE            
2274:                     i;p(i);}                      EMMM;N};S$          
2275: E->i(W)             i;p(i);}                      EMMM;N};S$          
2275: SAVESTATE:          195
2275:                     i;p(i);}                      i(W)MMM;N};S$       
2276:                     ;p(i);}                       (W)MMM;N};S$        
2277: TS_NOK / NS_NORULECHAIN
2277: RESSTATE            
2277:                     i;p(i);}                      EMMM;N};S$          
2278: E->iM               i;p(i);}                      EMMM;N};S$          
2278: SAVESTATE:          195
2278:                     i;p(i);}                      iMMMM;N};S$         
2279:                     ;p(i);}                       MMMM;N};S$          
2280: TNS_NORULECHAIN/NS_NORULE
2280: RESSTATE            
2280:                     i;p(i);}                      EMMM;N};S$          
2281: E->i                i;p(i);}                      EMMM;N};S$          
2281: SAVESTATE:          195
2281:                     i;p(i);}                      iMMM;N};S$          
2282:                     ;p(i);}                       MMM;N};S$           
2283: TNS_NORULECHAIN/NS_NORULE
2283: RESSTATE            
2283:                     i;p(i);}                      EMMM;N};S$          
2284: TNS_NORULECHAIN/NS_NORULE
2284: RESSTATE            
2284:                     vi;p(i);}                     MMM;N};S$           
2285: M->vE               vi;p(i);}                     MMM;N};S$           
2285: SAVESTATE:          194
2285:                     vi;p(i);}                     vEMM;N};S$          
2286:                     i;p(i);}                      EMM;N};S$           
2287: E->i(W)M            i;p(i);}                      EMM;N};S$           
2287: SAVESTATE:          195
2287:                     i;p(i);}                      i(W)MMM;N};S$       
2288:                     ;p(i);}                       (W)MMM;N};S$        
2289: TS_NOK / NS_NORULECHAIN
2289: RESSTATE            
2289:                     i;p(i);}                      EMM;N};S$           
2290: E->i(W)             i;p(i);}                      EMM;N};S$           
2290: SAVESTATE:          195
2290:                     i;p(i);}                      i(W)MM;N};S$        
2291:                     ;p(i);}                       (W)MM;N};S$         
2292: TS_NOK / NS_NORULECHAIN
2292: RESSTATE            
2292:                     i;p(i);}                      EMM;N};S$           
2293: E->iM               i;p(i);}                      EMM;N};S$           
2293: SAVESTATE:          195
2293:                     i;p(i);}                      iMMM;N};S$          
2294:                     ;p(i);}                       MMM;N};S$           
2295: TNS_NORULECHAIN/NS_NORULE
2295: RESSTATE            
2295:                     i;p(i);}                      EMM;N};S$           
2296: E->i                i;p(i);}                      EMM;N};S$           
2296: SAVESTATE:          195
2296:                     i;p(i);}                      iMM;N};S$           
2297:                     ;p(i);}                       MM;N};S$            
2298: TNS_NORULECHAIN/NS_NORULE
2298: RESSTATE            
2298:                     i;p(i);}                      EMM;N};S$           
2299: TNS_NORULECHAIN/NS_NORULE
2299: RESSTATE            
2299:                     vi;p(i);}                     MMM;N};S$           
2300: TNS_NORULECHAIN/NS_NORULE
2300: RESSTATE            
2300:                     lvi;p(i);}                    EMM;N};S$           
2301: E->l                lvi;p(i);}                    EMM;N};S$           
2301: SAVESTATE:          193
2301:                     lvi;p(i);}                    lMM;N};S$           
2302:                     vi;p(i);}                     MM;N};S$            
2303: M->vEM              vi;p(i);}                     MM;N};S$            
2303: SAVESTATE:          194
2303:                     vi;p(i);}                     vEMM;N};S$          
2304:                     i;p(i);}                      EMM;N};S$           
2305: E->i(W)M            i;p(i);}                      EMM;N};S$           
2305: SAVESTATE:          195
2305:                     i;p(i);}                      i(W)MMM;N};S$       
2306:                     ;p(i);}                       (W)MMM;N};S$        
2307: TS_NOK / NS_NORULECHAIN
2307: RESSTATE            
2307:                     i;p(i);}                      EMM;N};S$           
2308: E->i(W)             i;p(i);}                      EMM;N};S$           
2308: SAVESTATE:          195
2308:                     i;p(i);}                      i(W)MM;N};S$        
2309:                     ;p(i);}                       (W)MM;N};S$         
2310: TS_NOK / NS_NORULECHAIN
2310: RESSTATE            
2310:                     i;p(i);}                      EMM;N};S$           
2311: E->iM               i;p(i);}                      EMM;N};S$           
2311: SAVESTATE:          195
2311:                     i;p(i);}                      iMMM;N};S$          
2312:                     ;p(i);}                       MMM;N};S$           
2313: TNS_NORULECHAIN/NS_NORULE
2313: RESSTATE            
2313:                     i;p(i);}                      EMM;N};S$           
2314: E->i                i;p(i);}                      EMM;N};S$           
2314: SAVESTATE:          195
2314:                     i;p(i);}                      iMM;N};S$           
2315:                     ;p(i);}                       MM;N};S$            
2316: TNS_NORULECHAIN/NS_NORULE
2316: RESSTATE            
2316:                     i;p(i);}                      EMM;N};S$           
2317: TNS_NORULECHAIN/NS_NORULE
2317: RESSTATE            
2317:                     vi;p(i);}                     MM;N};S$            
2318: M->vE               vi;p(i);}                     MM;N};S$            
2318: SAVESTATE:          194
2318:                     vi;p(i);}                     vEM;N};S$           
2319:                     i;p(i);}                      EM;N};S$            
2320: E->i(W)M            i;p(i);}                      EM;N};S$            
2320: SAVESTATE:          195
2320:                     i;p(i);}                      i(W)MM;N};S$        
2321:                     ;p(i);}                       (W)MM;N};S$         
2322: TS_NOK / NS_NORULECHAIN
2322: RESSTATE            
2322:                     i;p(i);}                      EM;N};S$            
2323: E->i(W)             i;p(i);}                      EM;N};S$            
2323: SAVESTATE:          195
2323:                     i;p(i);}                      i(W)M;N};S$         
2324:                     ;p(i);}                       (W)M;N};S$          
2325: TS_NOK / NS_NORULECHAIN
2325: RESSTATE            
2325:                     i;p(i);}                      EM;N};S$            
2326: E->iM               i;p(i);}                      EM;N};S$            
2326: SAVESTATE:          195
2326:                     i;p(i);}                      iMM;N};S$           
2327:                     ;p(i);}                       MM;N};S$            
2328: TNS_NORULECHAIN/NS_NORULE
2328: RESSTATE            
2328:                     i;p(i);}                      EM;N};S$            
2329: E->i                i;p(i);}                      EM;N};S$            
2329: SAVESTATE:          195
2329:                     i;p(i);}                      iM;N};S$            
2330:                     ;p(i);}                       M;N};S$             
2331: TNS_NORULECHAIN/NS_NORULE
2331: RESSTATE            
2331:                     i;p(i);}                      EM;N};S$            
2332: TNS_NORULECHAIN/NS_NORULE
2332: RESSTATE            
2332:                     vi;p(i);}                     MM;N};S$            
2333: TNS_NORULECHAIN/NS_NORULE
2333: RESSTATE            
2333:                     lvi;p(i);}                    EMM;N};S$           
2334: TNS_NORULECHAIN/NS_NORULE
2334: RESSTATE            
2334:                     vlvi;p(i);}                   MM;N};S$            
2335: M->vE               vlvi;p(i);}                   MM;N};S$            
2335: SAVESTATE:          192
2335:                     vlvi;p(i);}                   vEM;N};S$           
2336:                     lvi;p(i);}                    EM;N};S$            
2337: E->lM               lvi;p(i);}                    EM;N};S$            
2337: SAVESTATE:          193
2337:                     lvi;p(i);}                    lMM;N};S$           
2338:                     vi;p(i);}                     MM;N};S$            
2339: M->vEM              vi;p(i);}                     MM;N};S$            
2339: SAVESTATE:          194
2339:                     vi;p(i);}                     vEMM;N};S$          
2340:                     i;p(i);}                      EMM;N};S$           
2341: E->i(W)M            i;p(i);}                      EMM;N};S$           
2341: SAVESTATE:          195
2341:                     i;p(i);}                      i(W)MMM;N};S$       
2342:                     ;p(i);}                       (W)MMM;N};S$        
2343: TS_NOK / NS_NORULECHAIN
2343: RESSTATE            
2343:                     i;p(i);}                      EMM;N};S$           
2344: E->i(W)             i;p(i);}                      EMM;N};S$           
2344: SAVESTATE:          195
2344:                     i;p(i);}                      i(W)MM;N};S$        
2345:                     ;p(i);}                       (W)MM;N};S$         
2346: TS_NOK / NS_NORULECHAIN
2346: RESSTATE            
2346:                     i;p(i);}                      EMM;N};S$           
2347: E->iM               i;p(i);}                      EMM;N};S$           
2347: SAVESTATE:          195
2347:                     i;p(i);}                      iMMM;N};S$          
2348:                     ;p(i);}                       MMM;N};S$           
2349: TNS_NORULECHAIN/NS_NORULE
2349: RESSTATE            
2349:                     i;p(i);}                      EMM;N};S$           
2350: E->i                i;p(i);}                      EMM;N};S$           
2350: SAVESTATE:          195
2350:                     i;p(i);}                      iMM;N};S$           
2351:                     ;p(i);}                       MM;N};S$            
2352: TNS_NORULECHAIN/NS_NORULE
2352: RESSTATE            
2352:                     i;p(i);}                      EMM;N};S$           
2353: TNS_NORULECHAIN/NS_NORULE
2353: RESSTATE            
2353:                     vi;p(i);}                     MM;N};S$            
2354: M->vE               vi;p(i);}                     MM;N};S$            
2354: SAVESTATE:          194
2354:                     vi;p(i);}                     vEM;N};S$           
2355:                     i;p(i);}                      EM;N};S$            
2356: E->i(W)M            i;p(i);}                      EM;N};S$            
2356: SAVESTATE:          195
2356:                     i;p(i);}                      i(W)MM;N};S$        
2357:                     ;p(i);}                       (W)MM;N};S$         
2358: TS_NOK / NS_NORULECHAIN
2358: RESSTATE            
2358:                     i;p(i);}                      EM;N};S$            
2359: E->i(W)             i;p(i);}                      EM;N};S$            
2359: SAVESTATE:          195
2359:                     i;p(i);}                      i(W)M;N};S$         
2360:                     ;p(i);}                       (W)M;N};S$          
2361: TS_NOK / NS_NORULECHAIN
2361: RESSTATE            
2361:                     i;p(i);}                      EM;N};S$            
2362: E->iM               i;p(i);}                      EM;N};S$            
2362: SAVESTATE:          195
2362:                     i;p(i);}                      iMM;N};S$           
2363:                     ;p(i);}                       MM;N};S$            
2364: TNS_NORULECHAIN/NS_NORULE
2364: RESSTATE            
2364:                     i;p(i);}                      EM;N};S$            
2365: E->i                i;p(i);}                      EM;N};S$            
2365: SAVESTATE:          195
2365:                     i;p(i);}                      iM;N};S$            
2366:                     ;p(i);}                       M;N};S$             
2367: TNS_NORULECHAIN/NS_NORULE
2367: RESSTATE            
2367:                     i;p(i);}                      EM;N};S$            
2368: TNS_NORULECHAIN/NS_NORULE
2368: RESSTATE            
2368:                     vi;p(i);}                     MM;N};S$            
2369: TNS_NORULECHAIN/NS_NORULE
2369: RESSTATE            
2369:                     lvi;p(i);}                    EM;N};S$            
2370: E->l                lvi;p(i);}                    EM;N};S$            
2370: SAVESTATE:          193
2370:                     lvi;p(i);}                    lM;N};S$            
2371:                     vi;p(i);}                     M;N};S$             
2372: M->vEM              vi;p(i);}                     M;N};S$             
2372: SAVESTATE:          194
2372:                     vi;p(i);}                     vEM;N};S$           
2373:                     i;p(i);}                      EM;N};S$            
2374: E->i(W)M            i;p(i);}                      EM;N};S$            
2374: SAVESTATE:          195
2374:                     i;p(i);}                      i(W)MM;N};S$        
2375:                     ;p(i);}                       (W)MM;N};S$         
2376: TS_NOK / NS_NORULECHAIN
2376: RESSTATE            
2376:                     i;p(i);}                      EM;N};S$            
2377: E->i(W)             i;p(i);}                      EM;N};S$            
2377: SAVESTATE:          195
2377:                     i;p(i);}                      i(W)M;N};S$         
2378:                     ;p(i);}                       (W)M;N};S$          
2379: TS_NOK / NS_NORULECHAIN
2379: RESSTATE            
2379:                     i;p(i);}                      EM;N};S$            
2380: E->iM               i;p(i);}                      EM;N};S$            
2380: SAVESTATE:          195
2380:                     i;p(i);}                      iMM;N};S$           
2381:                     ;p(i);}                       MM;N};S$            
2382: TNS_NORULECHAIN/NS_NORULE
2382: RESSTATE            
2382:                     i;p(i);}                      EM;N};S$            
2383: E->i                i;p(i);}                      EM;N};S$            
2383: SAVESTATE:          195
2383:                     i;p(i);}                      iM;N};S$            
2384:                     ;p(i);}                       M;N};S$             
2385: TNS_NORULECHAIN/NS_NORULE
2385: RESSTATE            
2385:                     i;p(i);}                      EM;N};S$            
2386: TNS_NORULECHAIN/NS_NORULE
2386: RESSTATE            
2386:                     vi;p(i);}                     M;N};S$             
2387: M->vE               vi;p(i);}                     M;N};S$             
2387: SAVESTATE:          194
2387:                     vi;p(i);}                     vE;N};S$            
2388:                     i;p(i);}                      E;N};S$             
2389: E->i(W)M            i;p(i);}                      E;N};S$             
2389: SAVESTATE:          195
2389:                     i;p(i);}                      i(W)M;N};S$         
2390:                     ;p(i);}                       (W)M;N};S$          
2391: TS_NOK / NS_NORULECHAIN
2391: RESSTATE            
2391:                     i;p(i);}                      E;N};S$             
2392: E->i(W)             i;p(i);}                      E;N};S$             
2392: SAVESTATE:          195
2392:                     i;p(i);}                      i(W);N};S$          
2393:                     ;p(i);}                       (W);N};S$           
2394: TS_NOK / NS_NORULECHAIN
2394: RESSTATE            
2394:                     i;p(i);}                      E;N};S$             
2395: E->iM               i;p(i);}                      E;N};S$             
2395: SAVESTATE:          195
2395:                     i;p(i);}                      iM;N};S$            
2396:                     ;p(i);}                       M;N};S$             
2397: TNS_NORULECHAIN/NS_NORULE
2397: RESSTATE            
2397:                     i;p(i);}                      E;N};S$             
2398: E->i                i;p(i);}                      E;N};S$             
2398: SAVESTATE:          195
2398:                     i;p(i);}                      i;N};S$             
2399:                     ;p(i);}                       ;N};S$              
2400:                     p(i);}                        N};S$               
2401: N->pE;N             p(i);}                        N};S$               
2401: SAVESTATE:          196
2401:                     p(i);}                        pE;N};S$            
2402:                     (i);}                         E;N};S$             
2403: E->(E)M             (i);}                         E;N};S$             
2403: SAVESTATE:          197
2403:                     (i);}                         (E)M;N};S$          
2404:                     i);}                          E)M;N};S$           
2405: E->i(W)M            i);}                          E)M;N};S$           
2405: SAVESTATE:          198
2405:                     i);}                          i(W)M)M;N};S$       
2406:                     );}                           (W)M)M;N};S$        
2407: TS_NOK / NS_NORULECHAIN
2407: RESSTATE            
2407:                     i);}                          E)M;N};S$           
2408: E->i(W)             i);}                          E)M;N};S$           
2408: SAVESTATE:          198
2408:                     i);}                          i(W))M;N};S$        
2409:                     );}                           (W))M;N};S$         
2410: TS_NOK / NS_NORULECHAIN
2410: RESSTATE            
2410:                     i);}                          E)M;N};S$           
2411: E->iM               i);}                          E)M;N};S$           
2411: SAVESTATE:          198
2411:                     i);}                          iM)M;N};S$          
2412:                     );}                           M)M;N};S$           
2413: TNS_NORULECHAIN/NS_NORULE
2413: RESSTATE            
2413:                     i);}                          E)M;N};S$           
2414: E->i                i);}                          E)M;N};S$           
2414: SAVESTATE:          198
2414:                     i);}                          i)M;N};S$           
2415:                     );}                           )M;N};S$            
2416:                     ;}                            M;N};S$             
2417: TNS_NORULECHAIN/NS_NORULE
2417: RESSTATE            
2417:                     i);}                          E)M;N};S$           
2418: TNS_NORULECHAIN/NS_NORULE
2418: RESSTATE            
2418:                     (i);}                         E;N};S$             
2419: E->(E)              (i);}                         E;N};S$             
2419: SAVESTATE:          197
2419:                     (i);}                         (E);N};S$           
2420:                     i);}                          E);N};S$            
2421: E->i(W)M            i);}                          E);N};S$            
2421: SAVESTATE:          198
2421:                     i);}                          i(W)M);N};S$        
2422:                     );}                           (W)M);N};S$         
2423: TS_NOK / NS_NORULECHAIN
2423: RESSTATE            
2423:                     i);}                          E);N};S$            
2424: E->i(W)             i);}                          E);N};S$            
2424: SAVESTATE:          198
2424:                     i);}                          i(W));N};S$         
2425:                     );}                           (W));N};S$          
2426: TS_NOK / NS_NORULECHAIN
2426: RESSTATE            
2426:                     i);}                          E);N};S$            
2427: E->iM               i);}                          E);N};S$            
2427: SAVESTATE:          198
2427:                     i);}                          iM);N};S$           
2428:                     );}                           M);N};S$            
2429: TNS_NORULECHAIN/NS_NORULE
2429: RESSTATE            
2429:                     i);}                          E);N};S$            
2430: E->i                i);}                          E);N};S$            
2430: SAVESTATE:          198
2430:                     i);}                          i);N};S$            
2431:                     );}                           );N};S$             
2432:                     ;}                            ;N};S$              
2433:                     }                             N};S$               
2434: TNS_NORULECHAIN/NS_NORULE
2434: RESSTATE            
2434:                     i);}                          E);N};S$            
2435: TNS_NORULECHAIN/NS_NORULE
2435: RESSTATE            
2435:                     (i);}                         E;N};S$             
2436: TNS_NORULECHAIN/NS_NORULE
2436: RESSTATE            
2436:                     p(i);}                        N};S$               
2437: N->pE;              p(i);}                        N};S$               
2437: SAVESTATE:          196
2437:                     p(i);}                        pE;};S$             
2438:                     (i);}                         E;};S$              
2439: E->(E)M             (i);}                         E;};S$              
2439: SAVESTATE:          197
2439:                     (i);}                         (E)M;};S$           
2440:                     i);}                          E)M;};S$            
2441: E->i(W)M            i);}                          E)M;};S$            
2441: SAVESTATE:          198
2441:                     i);}                          i(W)M)M;};S$        
2442:                     );}                           (W)M)M;};S$         
2443: TS_NOK / NS_NORULECHAIN
2443: RESSTATE            
2443:                     i);}                          E)M;};S$            
2444: E->i(W)             i);}                          E)M;};S$            
2444: SAVESTATE:          198
2444:                     i);}                          i(W))M;};S$         
2445:                     );}                           (W))M;};S$          
2446: TS_NOK / NS_NORULECHAIN
2446: RESSTATE            
2446:                     i);}                          E)M;};S$            
2447: E->iM               i);}                          E)M;};S$            
2447: SAVESTATE:          198
2447:                     i);}                          iM)M;};S$           
2448:                     );}                           M)M;};S$            
2449: TNS_NORULECHAIN/NS_NORULE
2449: RESSTATE            
2449:                     i);}                          E)M;};S$            
2450: E->i                i);}                          E)M;};S$            
2450: SAVESTATE:          198
2450:                     i);}                          i)M;};S$            
2451:                     );}                           )M;};S$             
2452:                     ;}                            M;};S$              
2453: TNS_NORULECHAIN/NS_NORULE
2453: RESSTATE            
2453:                     i);}                          E)M;};S$            
2454: TNS_NORULECHAIN/NS_NORULE
2454: RESSTATE            
2454:                     (i);}                         E;};S$              
2455: E->(E)              (i);}                         E;};S$              
2455: SAVESTATE:          197
2455:                     (i);}                         (E);};S$            
2456:                     i);}                          E);};S$             
2457: E->i(W)M            i);}                          E);};S$             
2457: SAVESTATE:          198
2457:                     i);}                          i(W)M);};S$         
2458:                     );}                           (W)M);};S$          
2459: TS_NOK / NS_NORULECHAIN
2459: RESSTATE            
2459:                     i);}                          E);};S$             
2460: E->i(W)             i);}                          E);};S$             
2460: SAVESTATE:          198
2460:                     i);}                          i(W));};S$          
2461:                     );}                           (W));};S$           
2462: TS_NOK / NS_NORULECHAIN
2462: RESSTATE            
2462:                     i);}                          E);};S$             
2463: E->iM               i);}                          E);};S$             
2463: SAVESTATE:          198
2463:                     i);}                          iM);};S$            
2464:                     );}                           M);};S$             
2465: TNS_NORULECHAIN/NS_NORULE
2465: RESSTATE            
2465:                     i);}                          E);};S$             
2466: E->i                i);}                          E);};S$             
2466: SAVESTATE:          198
2466:                     i);}                          i);};S$             
2467:                     );}                           );};S$              
2468:                     ;}                            ;};S$               
2469:                     }                             };S$                
2470:                                                   ;S$                 
2471: LENTA_END           
2472: ------>LENTA_END    
--------------------------------------------------------------------------------------------------
0   всего строк 92, синтаксический анализ выполнен без ошибок
0   : S->tfi(F){N}S       
4   : F->ti,F             
7   : F->ti               
11  : N->rE;              
12  : E->iM               
13  : M->vE               
14  : E->i                
17  : S->tfi(F){N}S       
21  : F->ti,F             
24  : F->ti               
28  : N->rE;              
29  : E->iM               
30  : M->vEM              
31  : E->i                
32  : M->vE               
33  : E->l                
36  : S->m{N};S           
38  : N->pE;N             
39  : E->(E)              
40  : E->l                
43  : N->dti=E;N          
47  : E->i(W)             
49  : W->l,W              
51  : W->l                
54  : N->pE;N             
55  : E->(E)              
56  : E->i                
59  : N->pE;N             
60  : E->(E)              
61  : E->l                
64  : N->dti=E;N          
68  : E->i(W)             
70  : W->l,W              
72  : W->l                
75  : N->pE;N             
76  : E->(E)              
77  : E->i                
80  : N->pE;N             
81  : E->(E)              
82  : E->l                
85  : N->dti=E;N          
89  : E->lM               
90  : M->vE               
91  : E->l                
93  : N->dti=E;N          
97  : E->~E               
98  : E->l                
100 : N->dti=E;N          
104 : E->l                
106 : N->dti=E;N          
110 : E->l                
112 : N->dti=E;N          
116 : E->[E               
117 : E->i                
119 : N->dti=E;N          
123 : E->iM               
124 : M->_                
126 : N->dti;N            
130 : N->i=E;N            
132 : E->lM               
133 : M->vE               
134 : E->l                
136 : N->pE;N             
137 : E->(E)              
138 : E->i                
141 : N->pE;N             
142 : E->(E)              
143 : E->i                
146 : N->pE;N             
147 : E->(E)              
148 : E->i                
151 : N->pE;N             
152 : E->(E)              
153 : E->i                
156 : N->pE;N             
157 : E->(E)              
158 : E->i                
161 : N->pE;N             
162 : E->(E)              
163 : E->l                
166 : N->dti=E;N          
170 : E->l                
172 : N->dti=E;N          
176 : E->l                
178 : N->dti=E;N          
182 : E->C(W)             
184 : W->i,W              
186 : W->i                
189 : N->pE;N             
190 : E->(E)              
191 : E->i                
194 : N->pE;N             
195 : E->(E)              
196 : E->l                
199 : N->dti=E;N          
203 : E->l                
205 : N->dti=E;N          
209 : E->T(W)             
211 : W->i                
214 : N->pE;N             
215 : E->(E)              
216 : E->i                
219 : N->pE;N             
220 : E->(E)              
221 : E->l                
224 : N->dti=E;N          
228 : E->l                
230 : N->pE;N             
231 : E->(E)              
232 : E->i                
235 : N->dti=E;N          
239 : E->l                
241 : N->dti=E;N          
245 : E->l                
247 : N->pE;N             
248 : E->(E)              
249 : E->i                
252 : N->pE;N             
253 : E->(E)              
254 : E->i                
257 : N->pE;N             
258 : E->(E)              
259 : E->l                
262 : N->pE;N             
263 : E->(E)              
264 : E->l                
267 : N->dti=E;N          
271 : E->l                
273 : N->h(i){K}N         
278 : K->cl:{N}K          
282 : N->pE;              
283 : E->(E)              
284 : E->l                
288 : K->cl:{N}K          
292 : N->pE;              
293 : E->(E)              
294 : E->l                
298 : K->cl:{N}K          
302 : N->pE;              
303 : E->(E)              
304 : E->l                
308 : K->a:{N}            
311 : N->pE;              
312 : E->(E)              
313 : E->l                
318 : N->pE;N             
319 : E->(E)              
320 : E->l                
323 : N->dti=E;N          
327 : E->l                
329 : N->s(B){N}e{N}N     
331 : B->ibl              
336 : N->i=E;N            
338 : E->l                
340 : N->pE;              
341 : E->(E)              
342 : E->i                
348 : N->pE;              
349 : E->(E)              
350 : E->i                
354 : N->pE;N             
355 : E->(E)              
356 : E->l                
359 : N->dti=E;N          
363 : E->l                
365 : N->h(i){K}N         
370 : K->cl:{N}K          
374 : N->pE;N             
375 : E->(E)              
376 : E->l                
379 : N->s(B){N}          
381 : B->ibl              
386 : N->pE;              
387 : E->(E)              
388 : E->l                
393 : K->a:{N}            
396 : N->pE;              
397 : E->(E)              
398 : E->l                
403 : N->pE;N             
404 : E->(E)              
405 : E->l                
408 : N->dti=E;N          
412 : E->(E)M             
413 : E->lM               
414 : M->vE               
415 : E->l                
417 : M->vEM              
418 : E->lM               
419 : M->vEM              
420 : E->l                
421 : M->vE               
422 : E->l                
423 : M->vE               
424 : E->i                
426 : N->pE;              
427 : E->(E)              
428 : E->i                
